#,Author,Rating,Date,Date (parsed),Review Text,Language,Review ID
1,ouiop c,4,قبل 5 أشهر,,كل شي ممتاز لاكن الكليه التطبيقيه  وكليه الحاسب ايضا فيه غياب كبير للتشجير وفيه غبار كثير دايم يطير معى الهواء ويعج اتمنى يكون فيه حضور للتشجير,ar,Ci9DQUlRQUNvZENodHljRjlvT2t4c1ZuRjNaR05qVTJzeGQxUmFOVGxSZW5SbFYyYxAB
2,ouiop c,,,,"ouiop c
مرشد محلي · 13 مراجعة · 13 صورة",ar,Ci9DQUlRQUNvZENodHljRjlvT2t4c1ZuRjNaR05qVTJzeGQxUmFOVGxSZW5SbFYyYxAB
3,عوض جبران العنزي,5,قبل 3 أشهر,,جامعة القصيم من الجامعات المميزة، تطورت كثيرًا في برامجها وخدماتها، ولها حضور علمي محترم.,ar,Ci9DQUlRQUNvZENodHljRjlvT21wS1IzTkJWMDFhVEc1allYVlRlakpTT0ZkbWNGRRAB
4,عوض جبران العنزي,,,,"عوض جبران العنزي
مرشد محلي · 67 مراجعة · 749 صورة",ar,Ci9DQUlRQUNvZENodHljRjlvT21wS1IzTkJWMDFhVEc1allYVlRlakpTT0ZkbWNGRRAB
5,munera dossary,4,قبل 4 أشهر,,بغض النظر عن الجامعة وعن ادائها ورؤيتها ورسالتها واهدافها ولكن نزل تقييمها بسبب قروب الاطفال اللي يلعقون في التعليقات؟؟؟ عجيب اننا نتكلم عن مستوى جامعي وهو بهذه التعليقات وبهذا المستوى ؟ لماذا تظُلم الجامعة من هذا الباب، بسبب تلك التعليقات التي وضع التعليق من اجل الفائدة والاستفادة لمصلحة الجامعة ومن تخدمه ،واليوم هو اول بحث لي عن الجامعة بسببب اعلان للدراسه عن بعد فقط.,ar,Ci9DQUlRQUNvZENodHljRjlvT201SlVISldXbFk0ZWpaRWRqRkRZMVZ1VTFSd1IyYxAB
6,munera dossary,,,,"munera dossary
مرشد محلي · 84 مراجعة · 5 صور",ar,Ci9DQUlRQUNvZENodHljRjlvT201SlVISldXbFk0ZWpaRWRqRkRZMVZ1VTFSd1IyYxAB
7,ياسر السلامه,5,قبل 5 أشهر,,مركز تنمية القيادات والقدرات مبنى مجهز للتدريب ونخبة من الدكاترة المحاضرين متمكنين في التدريب,ar,Ci9DQUlRQUNvZENodHljRjlvT21KWmFVeFFXa1YxUTA1WlFrZFphRGhDZW1NeVdWRRAB
8,ياسر السلامه,,,,"ياسر السلامه
مرشد محلي · 33 مراجعة · 34 صورة",ar,Ci9DQUlRQUNvZENodHljRjlvT21KWmFVeFFXa1YxUTA1WlFrZFphRGhDZW1NeVdWRRAB
9,فهد الفالح,4,قبل 5 أشهر,,مشكلة ازدحام الخط مع نقليات أرامكو ..وكذلك الطرق الداخلية للجامعة بعضها مغلق بحواجز وهذه طريقة جدا سيئة وليست حل لانسيابية المرور لأن البعض يعكس الطريق المزدوج تلافيا لبعض الطرق المسدودة من جهة ومفتوحة من جهة أخرى ..,ar,Ci9DQUlRQUNvZENodHljRjlvT2xRemRGQXlTMms1WldoVVdrUTRXSE56Yld4NWQzYxAB
10,فهد الفالح,,,,"فهد الفالح
مرشد محلي · 283 مراجعة · 24 صورة",ar,Ci9DQUlRQUNvZENodHljRjlvT2xRemRGQXlTMms1WldoVVdrUTRXSE56Yld4NWQzYxAB
11,h h,,قبل 7 أشهر,,"اللهم لا تحوجني إلا لحاجتك.
أتمنى من الجامعة النظر في شؤون كلية العلوم، فالإجراءات الحالية تجعل الطالبات يواجهن صعوبة في تنظيم جداولهن الدراسية. رضيت أن يكون جدولي مضطربًا، لكن كان لدي يوم واحد لا أستطيع الالتزام به وكنت بحاجة لتغييره. وإذا كانت الجداول تتغير تلقائيًا، فلماذا يُسمح لنا بتنظيمها مسبقًا؟
تقدمت بطلب تغيير شعبة مفتوحة، وهو أمر بسيط لا يتجاوز النقل بين شُعب موجودة، لكن لم يُنظر في طلبي ولم يُستمع لظروفي. خرجت من الشؤون وأنا على وشك البكاء بسبب شعوري بعدم الاستماع والتقدير.
الكثير من الطالبات يواجهن نفس المشكلة، ولهذا السبب يلجأن لشؤون الطلاب بدل شؤون الطالبات. يبدو أن الاهتمام يظهر فقط أمام بعض المسؤولين، بينما الطلاب أنفسهم لا يُلاحظون. إذا لم أملك واسطة ولا أستطيع التوجه لشؤون الطلاب، فأين أجد من يسمع لمعاناتنا ويحل مشاكلنا؟
أكتب هذا النص رجاءً، لعلّه يصل لشخص مسؤول لديه حس بالعدالة والمسؤولية، للنظر بعين الاعتبار لمعاناة الطالبات وإيجاد حلول بسيطة مثل السماح بتغيير الشعبة لتسهيل الدراسة",ar,Ci9DQUlRQUNvZENodHljRjlvT2s1UWNXMXBTbEJaYjJ4b2QzTnVabU4zTjI1UmFFRRAB
12,أبو مالك أحمد الغريبي,5,قبل 5 أشهر,,الموقع ممتاز المكان مرتب ومتميز صرح علمي رائع ورائد ..قابلت بعض المنتسبين للجامعة كانوا قمة في حسن التعامل,ar,Ci9DQUlRQUNvZENodHljRjlvT25kcFVtSTNZVUpQVlVKa2NGQkhSbFl6V25keVQxRRAB
13,أبو مالك أحمد الغريبي,,,,"أبو مالك أحمد الغريبي
مرشد محلي · 575 مراجعة · 21 صورة",ar,Ci9DQUlRQUNvZENodHljRjlvT25kcFVtSTNZVUpQVlVKa2NGQkhSbFl6V25keVQxRRAB
14,Hassan Hafez,5,قبل شهر,,تبارك الله نظام اكاديمي مرتب التحيه للمملكه حكومه وشعب,ar,Ci9DQUlRQUNvZENodHljRjlvT2xGbmNsUjVOV3QyYUdwcVltOTBjM2syU0RaMlgwRRAB
15,Hassan Hafez,,,,"Hassan Hafez
مراجعتان (2)",ar,Ci9DQUlRQUNvZENodHljRjlvT2xGbmNsUjVOV3QyYUdwcVltOTBjM2syU0RaMlgwRRAB
16,Sara,5,قبل 8 أشهر,,"الدكتور عبدالرحمن غراب من أرقى وأكفأ الأطباء اللي تعاملت معاهم.
في قسم الجلدية . إنسان محترم جدًا، بيشرح كل حاجة بكل وضوح واهتمام، وبيتابع الحالة بضمير وحرص حقيقي.
حسّيت براحة وثقة كبيرة من أول زيارة، وفرق معايا جدًا في حالتي.
شكرًا ليك يا دكتور على تعبك واهتمامك، وإن شاء الله دايمًا في نجاح وتوفيق.
أنصح أي حد محتاج دكتور في تخصصه إنه يروحله بدون تردد",ar,Ci9DQUlRQUNvZENodHljRjlvT2pSU1JVaFNVbkJ2YTJnemNqZzNVVmxRWmpOdVVWRRAB
17,BUSHRA,2,قبل 3 سنوات,2023-04-07,"اذا شفت المبنى كانك نازل ماب زومبي مهجور
غبار + اهمال + لا يوجد حياة + تمت خدمتي بشكل لا بأس به … سيء من دخولك الى خروجك .. بيئه غير صالحه للدراسه …",ar,ChdDSUhNMG9nS0VJQ0FnSUNPLUxMVHd3RRAB
18,BUSHRA,,,,"BUSHRA
مرشد محلي · 27 مراجعة · 22 صورة",ar,ChdDSUhNMG9nS0VJQ0FnSUNPLUxMVHd3RRAB
19,Amani,5,قبل 3 أشهر,,ياجامعه القصيم قسم بالله لو مانجحتو السوسو باختباراتها وعطيتوها الدرجه الكامله احتمال تشوفون شي ماقد شفتوه وانتم بكيفكم✋🏼 …,ar,Ci9DQUlRQUNvZENodHljRjlvT2xWVE5FNTBRMWRoU1U4eU0wVlRZbVJuTTJwaWRVRRAB
20,كيف طريقه الاستخدام وشكرا لك,5,قبل 11 شهرًا,2025-05-11,"مدينه جامعية... فيها كل شي جميل من مداخل ومباني جميله ونظيفه... والاجمل طلاب وطالبات  كل طموحهم وهمهم التعلم والفايده.. وتحيقي أحلامهم لخدمة وطنهم.و ولاة امرهم ودينهم ومجتمهم..
وكذلك أعضاء هيئة تدريس وموظفين.. حريصين ع خدمة وتعليم الطلاب.. وتأهيلهم ان يكون ا مكانهم في وقت ما..
الكل حريص ع  النجاح والتطوير والبذل والعطاء .. الله يوفقهم
كم سررت بهذا الصرح الكبير الجميل الصحي",ar,ChZDSUhNMG9nS0VJQ0FnTURvMmJxOUVBEAE
21,كيف طريقه الاستخدام وشكرا لك,,,,"كيف طريقه الاستخدام وشكرا لك
مرشد محلي · 197 مراجعة",ar,ChZDSUhNMG9nS0VJQ0FnTURvMmJxOUVBEAE
22,S a,,قبل 5 أشهر,,اقيمكم صفر لانكم ماتضغطون على دينا واشوفكم متسيبين جدًا ولها اسبوعين ماقدمت مشروعها لدكتورها التونسي التسيب هذا لووين!!!!!! اصحو شوي,ar,Ci9DQUlRQUNvZENodHljRjlvT205aWNVdG9XRGx1YlhaeFZuQk1MVkZxTUVocVNsRRAB
23,S a,,,,"S a
6 مراجعات · صورة واحدة",ar,Ci9DQUlRQUNvZENodHljRjlvT205aWNVdG9XRGx1YlhaeFZuQk1MVkZxTUVocVNsRRAB
24,R. F,5,قبل 5 أشهر,,من افضل الجامعات كتصميم ومرافق مدينة جامعية ضخمة ترتقي للعالمية بإذن الله,ar,Ci9DQUlRQUNvZENodHljRjlvT21KTllrRmhPVVV5YWpoc2JFcGtTRWszWlZKelIyYxAB
25,R. F,,,,"R. F
مرشد محلي · 186 مراجعة · 322 صورة",ar,Ci9DQUlRQUNvZENodHljRjlvT21KTllrRmhPVVV5YWpoc2JFcGtTRWszWlZKelIyYxAB
26,K.h A,2,قبل 3 أشهر,,ياجامعة القصيم .ليش بعض الموظفات والمحاضرات بهن كبر وشوفة نفس,ar,Ci9DQUlRQUNvZENodHljRjlvT2xsdU5YUndWa1JtTldaNVVHaGtUa2QwYzJkVE1FRRAB
27,K.h A,,,,"K.h A
مرشد محلي · 98 مراجعة",ar,Ci9DQUlRQUNvZENodHljRjlvT2xsdU5YUndWa1JtTldaNVVHaGtUa2QwYzJkVE1FRRAB
28,حمد الطبيب,5,قبل 4 أشهر,,جامعة القصيم هي مدينة جامعية جميلة جداً ورائدة تجد فيها الراحة النفسية التامة ..,ar,Ci9DQUlRQUNvZENodHljRjlvT2pWSE5FRnZhMDUyZWxGak0weEhkRE5CZDFSWFQxRRAB
29,حمد الطبيب,,,,"حمد الطبيب
مرشد محلي · 57 مراجعة · 49 صورة",ar,Ci9DQUlRQUNvZENodHljRjlvT2pWSE5FRnZhMDUyZWxGak0weEhkRE5CZDFSWFQxRRAB
30,艾布马赫迪,5,تاريخ التعديل: قبل 7 سنوات,2019-04-08,"جامعة القصيم هي جامعة سعودية حكومية تقع في مدينة بريدة شمال مطار الأمير نايف، وهي إحدى الجامعات الحكومية الشاملة، يشرف عليها وزارة التعليم السعودية ويتولى إدارة الجامعة أ.د. عبد الرحمن بن حمد الداود. وتشتمل على 71 تخصصاً علمياً في المجالات المختلفة، الشرعية والعربية والإنسانية إضافة إلى التخصصات العلمية والهندسية والصحية. وتقدم الجامعة جميع الدرجات العلمية بعد المرحلة الثانوية.
اللهم صل على محمد وعلى آل محمد كما صليت على إبراهيم وعلى آل إبراهيم إنك حميد مجيد، اللهم بارك على محمد وعلى آل محمد كما باركت على إبراهيم وعلى آل إبراهيم إنك حميد مجيد.",ar,ChdDSUhNMG9nS0VJQ0FnSURBcUxEdm5BRRAB
31,艾布马赫迪,,,,"艾布马赫迪
مرشد محلي · 66 مراجعة · 238 صورة",ar,ChdDSUhNMG9nS0VJQ0FnSURBcUxEdm5BRRAB
32,Roz Abdullah,,قبل 5 أشهر,,ليش مافيه كافتيريا بكلية الصيدلة؟ وش هالحركات هذي كيف اقند راسي,ar,Ci9DQUlRQUNvZENodHljRjlvT21WeFdIRXlUMnhtT0c0MU5VRnRVbVp1Y1U5Q1dXYxAB
33,Roz Abdullah,,,,"Roz Abdullah
مرشد محلي · 56 مراجعة · 48 صورة",ar,Ci9DQUlRQUNvZENodHljRjlvT21WeFdIRXlUMnhtT0c0MU5VRnRVbVp1Y1U5Q1dXYxAB
34,morty,4,قبل 6 أشهر,,لو سمحتوا وفروا كافيهات داخل البهو وشفو لنا حل مع زحمه الصبح اتمنى يصير فيه تنظيم عمومًا باقي لي سنتين واتخرج الله يعديها على خير ي اطلق جامعة بالمملكة,ar,Ci9DQUlRQUNvZENodHljRjlvT21JNVMweHdPSEJQUzBvM1VsbHFNMVpDV0UxTlpsRRAB
35,morty,,,,"morty
مرشد محلي · 43 مراجعة · 23 صورة",ar,Ci9DQUlRQUNvZENodHljRjlvT21JNVMweHdPSEJQUzBvM1VsbHFNMVpDV0UxTlpsRRAB
36,اثتين تتيني,,قبل سنة,,اخيس جامعة على مر العصور الشؤون والإدارة المفروض يساعدون الطلاب بس عند الجامعة هذي العكس يدامون صورة للأسف خريج مو خريج ماينفعونك بشى ! وكلن يصرفك يقول ماقدر مادري وش يقدرون عليه اتمنى من العميد يلتفت للوضع لانه مو طبيعي ابد,ar,ChZDSUhNMG9nS0VJQ0FnSURfMEppckVBEAE
37,اثتين تتيني,,,,"اثتين تتيني
مراجعتان (2)",ar,ChZDSUhNMG9nS0VJQ0FnSURfMEppckVBEAE
38,w,2,قبل سنة,,"السلام عليكم ورحمة الله وبركاته
اما بعد . اتمنى من الجامعة الانتباه من عدم رفع الصوت على زوجتي وعدم تغييبها نظرا لبعد مسافة دوامها وحتى لو جابت عذر مو منطقي لكم يمشي ومهما صار تكون صح دائما وحتى اشوف انكم من الحين تعطوها A+ وترا عطيتكم  نجمتين عشان القاعات بعيده عن بعض وتقولي تتعب من المشي اتمنى توفرون لها عربه تركب معها وتنقلها يكون افضل وشكرا لكم ( التقييم مع الايام ممكن يزيد وممكن ينقص )",ar,ChZDSUhNMG9nS0VJQ0FnSUNfdC0yYVNBEAE
39,Remaas Maxamed,5,قبل سنة,,"""كلّي شوق لجامعة القصيم وأتمنى أكون وحدة من طالباتها وأعيش بين أهلها وناسها
""اللهم اجعل جامعة القصيم منارة للعلم والخير، وبارك في طلابها وأساتذتها، وارزقهم التوفيق والبركة. يا رب اجعلها مكانًا يخرج منه العلماء والمبدعين، واحفظها من كل سوء وزدها رفعة ونجاحًا",ar,ChZDSUhNMG9nS0VJQ0FnSURfLWVUZkxBEAE
40,Remaas Maxamed,,,,"Remaas Maxamed
مراجعتان (2)",ar,ChZDSUhNMG9nS0VJQ0FnSURfLWVUZkxBEAE
41,Ahmad M,3,قبل شهر,,جامعة تقضيت واجب لن تجد فيها الرفاهية,ar,Ci9DQUlRQUNvZENodHljRjlvT21aUFNHNWpSRU5YTnpWTmJITklOWFJFYkUxRU1WRRAB
42,遊ぶ,5,قبل شهر,,في سكن للطلاب فقط ب ٣٨٥ حولها للترم كامل,ar,Ci9DQUlRQUNvZENodHljRjlvT25oMVEyaGtUMk5pVGsxR2IyTmlTbUZEWmt0dGVHYxAB
43,Rawan 84,5,قبل 10 أشهر,,جامعة القصيم من أفضل الجامعات من حيث البيئة التعليمية والكادر الأكاديمي المتميز والمرافق المتطورة وتعامل الموظفين راق والأنظمة واضحة وسهلة والجامعة تهتم بتطوير طلابها علميا وعمليا وتوفر لهم كل ما يحتاجونه للنجاح والتفوق,ar,ChdDSUhNMG9nS0VJU1J0S0w2dTQzYmdRRRAB
44,mosjh,5,قبل سنة,,"بعد فتره من الزمن وان شاءالله ماهي فتره بعيده L بتدخل الجامعه وارجو من حضرتكم توفير كامل خدمات الراحه لها
وهذا كلام يوصلكم ويتعداكم في حال تم ازعاجها او الضغط عليها او اعطائها اختبارات ورا بعض او اسايمنتات ورا بعض سيتم انقاص التقييم الى (نجمه واحده) وقد اعذر من انذر",ar,ChdDSUhNMG9nS0VJQ0FnTUN3NzdDem53RRAB
45,مزنه الحربي,5,قبل 4 سنوات,2022-04-07,"مبنى العمادة للقبول و التسجيل في الدور الخامس .
الجامعه جميل جدًا",ar,ChdDSUhNMG9nS0VJQ0FnSUNxbU8teml3RRAB
46,مزنه الحربي,,,,"مزنه الحربي
مرشد محلي · 102 من المراجعات · 145 صورة",ar,ChdDSUhNMG9nS0VJQ0FnSUNxbU8teml3RRAB
47,حمدان الحربي,2,قبل 7 سنوات,2019-04-08,بعض الدكاتره عسسل مثل لطفي و كداشي والحجري و رضوان .. وبعد الدكاتره لا والله الا ..............!!,ar,ChZDSUhNMG9nS0VJQ0FnSUNnay1Hckp3EAE
48,حمدان الحربي,,,,"حمدان الحربي
مرشد محلي · 35 مراجعة · 10 صور",ar,ChZDSUhNMG9nS0VJQ0FnSUNnay1Hckp3EAE
49,سلطان العنزي,,قبل 11 شهرًا,2025-05-11,السلام عليكم اول شي حطيت نجمه عشان اقدر اعلق و ثاني شي زوجتي عندها فاينل الساعه9 و جتكم 10:20 ليه تقولون لها راح عليك؟؟؟؟ مايتعبر تاخرت مره و اساساً كل تاخيره فيها خيره حسبي الله عليكم و ارجعو اختبرو لها,ar,ChdDSUhNMG9nS0VJQ0FnTUNZcVlydnR3RRAB
50,سلطان العنزي,,,,"سلطان العنزي
مرشد محلي · 27 مراجعة · 11 صورة",ar,ChdDSUhNMG9nS0VJQ0FnTUNZcVlydnR3RRAB
51,Omar Ibrahim,5,قبل سنة,,تُعد جامعة القصيم من أبرز الجامعات السعودية، تأسست عام 2004 وتضم العديد من الكليات في مختلف التخصصات مثل الطب، الهندسة، والعلوم. تقع في منطقة القصيم وتوفر بيئة تعليمية متطورة، تشمل معامل بحثية ومرافق حديثة. تهدف إلى تخريج كوادر مؤهلة تساهم في تنمية المملكة، وتُعتبر من الجامعات الرائدة في البحث العلمي والتطوير الأكاديمي.,ar,ChZDSUhNMG9nS0VJQ0FnTURRdHNfVGJREAE
52,Omar Ibrahim,,,,"Omar Ibrahim
مرشد محلي · 460 مراجعة · 252 صورة",ar,ChZDSUhNMG9nS0VJQ0FnTURRdHNfVGJREAE
53,boda osman,5,تاريخ التعديل: قبل 5 أشهر,,مستشفى جامعه القصيم ممتاز جدا ومعاملة طيبه,ar,Ci9DQUlRQUNvZENodHljRjlvT21NeGJIZ3dUMlpuUzNvMFZHdE1PVzFTTW5kTlVYYxAB
54,boda osman,,,,"boda osman
مرشد محلي · 18 مراجعة · 15 صورة",ar,Ci9DQUlRQUNvZENodHljRjlvT21NeGJIZ3dUMlpuUzNvMFZHdE1PVzFTTW5kTlVYYxAB
55,abduallah ali,,قبل سنة,,"مع احترامي وتقديري للجامعه ومنسوبيها
إلا أن النظام في طريقة فتح ملف لا اهليه العلاج شي مخجل و عدم احترافية في العمل تقعد معامله اكثر من شهر واذا جت الموافقة فتح الملف اكثر من عشر ايام ارجو من مسوبين المستشفى المبادرة لحل هذا الخلل والتقصير من بعض الموظفين",ar,ChdDSUhNMG9nS0VJQ0FnSUR2cFpEeTZRRRAB
56,abduallah ali,,,,"abduallah ali
مرشد محلي · 208 مراجعات · 50 صورة",ar,ChdDSUhNMG9nS0VJQ0FnSUR2cFpEeTZRRRAB
57,Fahad Fahad,5,قبل 7 أشهر,,عندي استفسار بخصوص وسائل النقل كيف الشخص الي ماعنده سياره يروح مشوار من جامعة القصيم الى محطة قطار سار ماهي الخيارات المتاحه,ar,Ci9DQUlRQUNvZENodHljRjlvT2xSck5EbEdVekF4VEZwUE9FOTBha2RQVkc1M01XYxAB
58,Fahad Fahad,,,,"Fahad Fahad
مرشد محلي · 14 مراجعة",ar,Ci9DQUlRQUNvZENodHljRjlvT2xSck5EbEdVekF4VEZwUE9FOTBha2RQVkc1M01XYxAB
59,مبارك العنزي,5,قبل شهر,,ودك تمشى ، ودك تقهوى ، ودك تعلم ، ودك تقراء ، ودك تسوي رياضة ، كله موجود .,ar,Ci9DQUlRQUNvZENodHljRjlvT2prMFgzUjZhbWR6Ym1OT1RuaFdMVUoyUW5oM1puYxAB
60,مبارك العنزي,,,,"مبارك العنزي
مرشد محلي · 5 مراجعات · 35 صورة",ar,Ci9DQUlRQUNvZENodHljRjlvT2prMFgzUjZhbWR6Ym1OT1RuaFdMVUoyUW5oM1puYxAB
61,مزيون قيمز 777,3,قبل 11 شهرًا,2025-05-11,السلام عليكم ثلاث نجمات خاصه فقط الى الدكتور بندر الروق كلية العلوم في عنيزة افضل واجمل دكتور قمة في الادب والشرح والتسهيل على الطالب مع رفع مستوى الطالب في الادب هنيئاً للجامعة في الدكتور بندر اما باقي الجامعة واللجان لو فيه سالب نجمه عطيتهم,ar,ChZDSUhNMG9nS0VJQ0FnTUNvb2VpU2VBEAE
62,مزيون قيمز 777,,,,"مزيون قيمز 777
4 مراجعات",ar,ChZDSUhNMG9nS0VJQ0FnTUNvb2VpU2VBEAE
63,سوسوو,,قبل 9 أشهر,,السلام عليكم تعبتوا زوجتي من كثر الواجبات اتمنى تخففون عليها وتخلون اختباراتها سهله ومره وحده اتمنى تحولون الدراسة اونلاين علشان ماتتعب واجد بالحر وياليت تعطونها A+ وترفعون معدلها وشكرا,ar,Ci9DQUlRQUNvZENodHljRjlvT25SNVQydElhalpyYzIxUE5GQjRlVzlMVWpVd2VXYxAB
64,مرشد متجول,5,قبل سنة,,الصراحة احمد الله سبحانه على تغير الاحوال الى الافضل فالخدمات التي قدمها لي جميع من مررت عليهم ابتداء من حراس الامن انتهاء بمن بعدهم  من موظفين ورؤساء وغيرهم وجميعهم لا اعرفهم اشكرهم على حسن التعامل وتقديم الخدمه لي وتيسير الامر فالتعامل الراقي الذي واجهته يشعرني بالفخر ويحتم علي الشكر .,ar,ChZDSUhNMG9nS0VJQ0FnSUQzNzRDM2FREAE
65,مرشد متجول,,,,"مرشد متجول
مرشد محلي · 177 مراجعة · 42 صورة",ar,ChZDSUhNMG9nS0VJQ0FnSUQzNzRDM2FREAE
66,عبدالرحمن السدلان,5,قبل شهر,,أفضل جامعة بالمملكة 👍🏻👍🏻👍🏻 …,ar,Ci9DQUlRQUNvZENodHljRjlvT2pob2VpMVRSV1J4V0d0UWJGVkRNbWh1ZG1KR1UzYxAB
67,عبدالرحمن السدلان,,,,"عبدالرحمن السدلان
مرشد محلي · 435 مراجعة · 839 صورة",ar,Ci9DQUlRQUNvZENodHljRjlvT2pob2VpMVRSV1J4V0d0UWJGVkRNbWh1ZG1KR1UzYxAB
68,Saleh,5,قبل 7 أشهر,,اول شي حبيبتي عندكم بالجامعه ضبطوها لا اجي اقلب الجامعه فوق تحت هذاي علمتكم,ar,Ci9DQUlRQUNvZENodHljRjlvT2trMk5FVlVla0pNY25WSFVFVnlVRzF5ZDFGaWRIYxAB
69,شعال,5,قبل 7 أشهر,,"التوفيق بيد الله
التخصص ثم التخصص ثم التخصص
والاهتمام والادراك باهمية العلم والتوفيق بيدالله",ar,Ci9DQUlRQUNvZENodHljRjlvT2tWVlpVNHRXazR6VDFkMWMzZGZiMEpWYjI5blUxRRAB
70,شعال,,,,"شعال
مرشد محلي · 144 مراجعة · 43 صورة",ar,Ci9DQUlRQUNvZENodHljRjlvT2tWVlpVNHRXazR6VDFkMWMzZGZiMEpWYjI5blUxRRAB
71,مجرد رأي,5,قبل 7 أشهر,,جامعة رائدة وصرح علمي بارز ضمن صروح التعليم بالمملكة,ar,Ci9DQUlRQUNvZENodHljRjlvT2poTmMwZGlOV2N0UlRKSlVHMHRiVUk0YTFwRk9WRRAB
72,مجرد رأي,,,,"مجرد رأي
مرشد محلي · 128 مراجعة · 37 صورة",ar,Ci9DQUlRQUNvZENodHljRjlvT2poTmMwZGlOV2N0UlRKSlVHMHRiVUk0YTFwRk9WRRAB
73,محمد عبدالله,4,تاريخ التعديل: قبل 3 سنوات,2023-04-07,موقع الجامعة مناسب لمحافظات القصيم,ar,ChdDSUhNMG9nS0VJQ0FnSURTMnRPRy1BRRAB
74,محمد عبدالله,,,,"محمد عبدالله
مرشد محلي · 693 مراجعة · 1,166 صورة",ar,ChdDSUhNMG9nS0VJQ0FnSURTMnRPRy1BRRAB
75,Hind mohammad,5,قبل سنتين,,الجامعه صرح علمي عملاق مباني جميله وموظفين اكفاء وللامانه تعامل راقي ذهبت اليوم لمقابلة معالي رئيس الجامعه ، وبكل صراحه وصدق اقولها حتى لو لم يتم ماأتيت لأجله ، التعامل جداً راقي ، قابلنا الرئيس بكل اريحيه واستمع لحاجتي ووعدني خيرا ، من هنا اقدم شكري الجزيل لمعاليه ، والشكر للسكرتاريه والقائمين على اللقاءات معه لأخلاقهم العاليه ومعاملتهم الطيبه وبشاشتهم الودوده، وافتخر في ان اكون من العاملين في  هذا الصرح العملاق شكرا ثم شكرا ثم شكرا وحزيتم خير الجزاء,ar,ChZDSUhNMG9nS0VJQ0FnSURwbS1yYU5REAE
76,Hind mohammad,,,,"Hind mohammad
مرشد محلي · 30 مراجعة · 9 صور",ar,ChZDSUhNMG9nS0VJQ0FnSURwbS1yYU5REAE
77,خالد خالد الصعب,4,تاريخ التعديل: قبل شهر,,ماشاء الله تبارك الله مدينة جامعية,ar,Ci9DQUlRQUNvZENodHljRjlvT21oU1dHeDJTbmMyZEdaaWFFSlRORFY2T1U5NlduYxAB
78,خالد خالد الصعب,,,,"خالد خالد الصعب
مرشد محلي · 70 مراجعة · صورة واحدة",ar,Ci9DQUlRQUNvZENodHljRjlvT21oU1dHeDJTbmMyZEdaaWFFSlRORFY2T1U5NlduYxAB
79,NA,,قبل 7 أشهر,,حسبي الله كله من القبول الموحد ما انقبلت فيها الله لا يوفقكم,ar,Ci9DQUlRQUNvZENodHljRjlvT2tOUk16TktkemhrVTFkb1pEbFNTV28xUjFsaVpHYxAB
80,Elaf Saleh,,قبل 7 أشهر,,ازق جامعه متى ناويين تقبلون الي سجلوا يدوي السنه الجايه يعني ولا وش!!!,ar,Ci9DQUlRQUNvZENodHljRjlvT2xsTVNsRmxTVzlVWHpCWGNISjRiRXMyVkZSa2JYYxAB
81,Elaf Saleh,,,,"Elaf Saleh
مراجعة واحدة",ar,Ci9DQUlRQUNvZENodHljRjlvT2xsTVNsRmxTVzlVWHpCWGNISjRiRXMyVkZSa2JYYxAB
82,ميسرة الحسن,5,قبل سنة,,السلام عليكم ورحمة الله وبركاته جامعة القصيم جامعة كبيرة مضيافة ولكن بعيدة عن المدينة والموقع للوصول كان صعب جدا الشبكة العنكبوتية ممتازة جدا والمشرفين قمة في التعاون والذوق خصوصا استاذ منصور واستاذة اميرة اتمنى لكم التوفيق,ar,ChdDSUhNMG9nS0VJQ0FnSURfdk83M19BRRAB
83,ميسرة الحسن,,,,"ميسرة الحسن
5 مراجعات",ar,ChdDSUhNMG9nS0VJQ0FnSURfdk83M19BRRAB
84,الفقير إلى عفو الله جل وعلا,5,تاريخ التعديل: قبل سنة,,ليته يكون لها فرع آخر في الزلفي أو على الأقل في المبنى القديم لتكون أقرب للقادمين من الزلفي أو عنيزة من المعلمين أو الطلاب الذين يترددون إلى الجامعة . وفقكم الله لما يحبه ويرضاه. اللهم اغفر لي وللمسلمين والمسلمات. أستغفر الله الذي لا إله إلا هو الحي القيوم وأتوب إليه,ar,ChdDSUhNMG9nS0VJQ0FnSUNsdXRXdC1nRRAB
85,الفقير إلى عفو الله جل وعلا,,,,"الفقير إلى عفو الله جل وعلا
مرشد محلي · 48 مراجعة · 21 صورة",ar,ChdDSUhNMG9nS0VJQ0FnSUNsdXRXdC1nRRAB
86,reem reem,,قبل سنة,,ليت يزرعون اشجار ظل بالمواقف  عن الحر والشمس الجو حار ودوام المسائي امتحاناتهم الساعه وحده او ثنتين الظهر بعز الحر والا كان ياخرون الامتحانات لبعد المغرب  الاشجار بس بالمدخل حق الزينه بس ..فيه كم مظله والطريق لهن مسكر اسمنا حطينا مظله,ar,ChZDSUhNMG9nS0VJQ0FnSURUMWI3WVBREAE
87,reem reem,,,,"reem reem
مرشد محلي · 41 مراجعة",ar,ChZDSUhNMG9nS0VJQ0FnSURUMWI3WVBREAE
88,mj222 abd,2,قبل 3 سنوات,2023-04-07,"فوضى مافيه أي تنظيم مرتب للحفلات  ومع إننا في رؤية ٢٠٣٠ إلا إن الأمهات من كبيرات السن لايوجد نقل خاص بهن من المواقف إلى بوابة المدخل الرئيسي ومسافة المشي متعبه جدا جدا وصعبه عليهن لحضور الحفلات .
مع إن الحمدلله قادتنا ماقصروا علينا بشيء لكن للأسف التقصير من المشرفين والمسوؤلين .",ar,ChdDSUhNMG9nS0VJQ0FnSUQyeDZHU3pnRRAB
89,mj222 abd,,,,"mj222 abd
مرشد محلي · 70 مراجعة · صورتان (2)",ar,ChdDSUhNMG9nS0VJQ0FnSUQyeDZHU3pnRRAB
90,Tala alserehi,5,قبل 10 أشهر,,ليال بقسم القانون تراها تعبانه و كتكوته لا احد يسوي لها شي ولا احد يضغط عليها و لو جات اشتكت لي عن اي دكتوره او دكتور راح افجر بام الجامعه والطالبات لو اي وحده سوت لها اي شي والله ما راح يصير لكم خير,ar,ChdDSUhNMG9nS0VMR2F1dnpmX3MzWXB3RRAB
91,Tala alserehi,,,,"Tala alserehi
4 مراجعات",ar,ChdDSUhNMG9nS0VMR2F1dnpmX3MzWXB3RRAB
92,ahmed habsa,5,قبل سنتين,,"بهو جامعة القصيم ماشاء الله مكان واسع وجميل ومن افضل الاماكن التي عملت بها
مكتبه جامعه القصيم",ar,ChdDSUhNMG9nS0VJQ0FnSUNsNWF2VXlnRRAB
93,ahmed habsa,,,,"ahmed habsa
مرشد محلي · 67 مراجعة · 27 صورة",ar,ChdDSUhNMG9nS0VJQ0FnSUNsNWF2VXlnRRAB
94,Hime Shh,,قبل 7 أشهر,,يارب اتخرج منها قبل ما ان/تحر بسببها,ar,Ci9DQUlRQUNvZENodHljRjlvT2xGVE5GRkViRWh6Y0U1S1EyWlVSVkpGWWkxRk1XYxAB
95,Hime Shh,,,,"Hime Shh
مراجعة واحدة",ar,Ci9DQUlRQUNvZENodHljRjlvT2xGVE5GRkViRWh6Y0U1S1EyWlVSVkpGWWkxRk1XYxAB
96,نواف نواف,5,قبل سنة,,يعني استغرب من بعض العقليات لما ينتقد اتفه الأسباب ويبي كلشي يتصلح. انا والله ماعندي مشكله انتقد لاكن عقلك بكبره مايسوى ريال تجي تنتقد وكانك عالم ماحد درى عنك غير اميمتك. والنقطه الثانيه الكهرب تراه مو حلا ليه تفتحون كلشي خاصتًا اللمبات فاتحين لمبات برى الجامعه؟ يعني اقل شي احترمو الشمس .,ar,ChZDSUhNMG9nS0VJQ0FnSUR2OU9pUFJREAE
97,نواف نواف,,,,"نواف نواف
مراجعتان (2)",ar,ChZDSUhNMG9nS0VJQ0FnSUR2OU9pUFJREAE
98,Nor Hama,5,قبل 5 سنوات,2021-04-07,جامعة حديثة فيها تخصصات مختلفة و تخدم منطقة القصيم,ar,ChdDSUhNMG9nS0VJQ0FnSUNpM2FMU3NRRRAB
99,Nor Hama,,,,"Nor Hama
مرشد محلي · 180 مراجعة · 707 صور",ar,ChdDSUhNMG9nS0VJQ0FnSUNpM2FMU3NRRRAB
100,fouz,,قبل 6 أشهر,,الشبكه سيئه مره ماتخدم الطالب,ar,Ci9DQUlRQUNvZENodHljRjlvT2tOaWMyOW1XSEJyY1VjNWJFbDJiRUZ2VFVKNlFWRRAB
101,Ryo zoldek,,قبل سنة,,اقول مددوا الاجازه وأخروا موعد الترم الثاني انا طيار قيد التدريب اذا ما تبون يصير لكم زي برج التجارة احسن لكم تسمعون كلامي 😎💪🏻 …,ar,ChZDSUhNMG9nS0VJQ0FnSURuaTgyUFFREAE
102,Ryo zoldek,,,,"Ryo zoldek
مراجعة واحدة",ar,ChZDSUhNMG9nS0VJQ0FnSURuaTgyUFFREAE
103,Aram,,قبل سنة,,"نجمة وحده وكثيره بعد! اجل معطين اختي ج+ و ب+ ليه؟؟؟
اتمنى تعيدون مراجعة ورقتها، وحتى لو ورقتها هه مب مره عادي شخصيتها تستاهل أ+
اذا عدلتوا درجاتها عدّلت التقييم👍🏼 …",ar,ChZDSUhNMG9nS0VJQ0FnSUR6MU5QbmNnEAE
104,Aram,,,,"Aram
مرشد محلي · 14 مراجعة · 21 صورة",ar,ChZDSUhNMG9nS0VJQ0FnSUR6MU5QbmNnEAE
105,خالد الشعيبي,5,قبل سنة,,جميل جدا جدا جدا من اطلق وافضل الجامعات عندي انصحكم ماتتعدونها ، لكن يلزم الزي الرسمي قبل الحضور والله يوفقكم جميعا,ar,ChdDSUhNMG9nS0VJQ0FnSUNIbG9qc29BRRAB
106,خالد الشعيبي,,,,"خالد الشعيبي
مرشد محلي · 306 مراجعات · 51 صورة",ar,ChdDSUhNMG9nS0VJQ0FnSUNIbG9qc29BRRAB
107,Ibrahim,5,قبل 5 سنوات,2021-04-07,"تعتبر من افضل واقوي الجامعات علي مستوي المملكه ،
والان الجامعه اصبحت مستقله حيث المساحه والمبني السكني والبنك ، يستطيع الطالب استلام حوالته الماليه وتحويل المال .
وبالنسبه للسكن شامل المدرسين والدكاتره والمهندسين والطلبه ذكور واناث ، وافضل شئ المواقف حيث يستطيع الشخص ان ياخذ مساحته الكافيه من الراحه وتعدد الاستراحات والمساجد الا انها تفتقر لوجود التموينات ومحطة البنزين ..",ar,ChdDSUhNMG9nS0VJQ0FnSUNpdGNxUXN3RRAB
108,Ibrahim,,,,"Ibrahim
مرشد محلي · 61 مراجعة · صورتان (2)",ar,ChdDSUhNMG9nS0VJQ0FnSUNpdGNxUXN3RRAB
109,A Z,2,قبل سنة,,حبيبي يدرس هون ارجو الاهتمام فيه وعدم ازعاجو والضغط عليه والتأكد من تنجيحه بجميع المواد،ممنوع تزعلون نوثتي ان لم يتم تطبيق ملاحظتي سأضع لكم نجمه واحده فقط,ar,ChdDSUhNMG9nS0VJQ0FnSURfM2RyQnlRRRAB
110,L.A,4,قبل سنتين,,اللهم اجعلهم صرح علم ومعرفة تنفع البلاد والعباد من اهل الوطن وخارجه من اصحاب المنح..الجامعة تضم عدد من الاقسام المتنوعة وتخرج سنويا الالاف من البنين والبنات نفعهم الله بما تعلموا وجعلهم ذخرا لامتهم,ar,ChZDSUhNMG9nS0VJQ0FnSUNKMG9iSUlBEAE
111,L.A,,,,"L.A
مرشد محلي · 311 مراجعة · 545 صورة",ar,ChZDSUhNMG9nS0VJQ0FnSUNKMG9iSUlBEAE
112,Zzzz Xxxx,4,قبل شهر,,شي جميل جدا,ar,Ci9DQUlRQUNvZENodHljRjlvT2sxTU5VaG1MV3gwVWw4M056QTNhakF5VjBrNE1FRRAB
113,Zzzz Xxxx,,,,"Zzzz Xxxx
مراجعة واحدة",ar,Ci9DQUlRQUNvZENodHljRjlvT2sxTU5VaG1MV3gwVWw4M056QTNhakF5VjBrNE1FRRAB
114,Noura Dh,,قبل 3 سنوات,2023-04-07,"ابي اعطيكم رأيي بما اني درست ٥ سنوات
الجامعة سيئة جداً جداً تحتاج تطورات من ناحية التخصصات الي تواكب الرؤيه وسوق العمل خاصة كليات البنات تحتاج تطوير من ناحية مباني واخلاق موظفات الأمن والدكتورات ومراقبتهم وتحتاج ادارة صارمه ، درست فيها ما حسيت اني طالبه جامعيه ولا اعيش الحياة الجامعيه مثل الطلاب بالجامعات الثانيه
..
اهم نقطع عندكم الكفتيريا والله يالاكل ماينوكل الله يديم النعمه غير الاسعار الي مطيرينها على وش بس؟
انا تركت الجامعه في اخر ترم دراسي ورحت لجامعه ثانيه ماينصبر عليها والطالبات الي مانقبلو فيها احمدو ربكم",ar,ChZDSUhNMG9nS0VJQ0FnSUQtcXF2MWVBEAE
115,Noura Dh,,,,"Noura Dh
مراجعة واحدة",ar,ChZDSUhNMG9nS0VJQ0FnSUQtcXF2MWVBEAE
116,abdulrahman saud,5,قبل 7 سنوات,2019-04-08,"جامعة القصيم..
واحدة من أكبر الجامعات بعدد الكليات وعدد الطلاب وأعضاء هيئة التدريس والموظفين..

فيها ثمان وثلاثين كلية..
فيها ثمانين ألف طالب وطالبة..
فيها أربعة آلاف وخمسمائة عضو هيئة تدريس ومن في حكمهم سعوديين وغير سعوديين
فيها أكثر من ثلاث آلاف وستمائة موظف إداري...

جامعة متميزة أكاديميا خاصة في التخصصات الطبية والهندسية والعلمية يشهد لذلك تميز خريجيها في سوق العمل

أحبك يا جامعة القصيم❤",ar,ChZDSUhNMG9nS0VJQ0FnSUR3MnI3Q2J3EAE
117,abdulrahman saud,,,,"abdulrahman saud
مرشد محلي · 536 مراجعة · 39 صورة",ar,ChZDSUhNMG9nS0VJQ0FnSUR3MnI3Q2J3EAE
118,Al_Harkan bookshop,2,قبل 5 سنوات,2021-04-07,"انا اول مره ازور هذا الصرح الجميل ولاكن لي تنبيه بسيط ارجو تقبله من باب التطوير والمحبه لمن يعملون بالجامعه

لا يوجد لوحات إرشادية تبين الاتجاهات لكل كلية ولا يوجد لوحات إرشادية تبين اسم مباني الكليات ، رجال الأمن لا يعرفون مواقع مباني الكليات وهم يعملون  في حرم الجامعة يلزم تأمين مخططات إرشادية صغيره لرجال الامن ورواد الجامعة لسهولة الوصول للمبنى المطلوب
تحياتي",ar,ChZDSUhNMG9nS0VJQ0FnSUNpa055QklBEAE
119,Al_Harkan bookshop,,,,"Al_Harkan bookshop
مرشد محلي · 48 مراجعة · 9 صور",ar,ChZDSUhNMG9nS0VJQ0FnSUNpa055QklBEAE
120,Mr.mishary S,2,قبل 4 سنوات,2022-04-07,بخصوص الي مستلم البطاقة وضيعه انا طالب من ٢٠١٩ ولا استلمت البطاقة للحين 😃😁 وبتلت اراكض لكن اكتشفت انه مامنه فايدة بس الرقم اروح اي مكان عليه خصم واقوله طالب واعطيه الرقم ولا اوريه صفحتي ب الموقع بااقعد اراكض ورا الجامعة ليه !! عندها إميلي ورقم جوالي طز بهم …,ar,ChdDSUhNMG9nS0VJQ0FnSUNHcDcyZ3BnRRAB
121,Mr.mishary S,,,,"Mr.mishary S
10 مراجعات",ar,ChdDSUhNMG9nS0VJQ0FnSUNHcDcyZ3BnRRAB
122,Sh,5,قبل سنتين,,السلام عليكم. صاحبتي تدرس في هذا الفرع اتمنى وضع في جميع المواد +A واتمنى ان يكون اختبار الخميس مادة جافا اربع ساعات بدلا من ساعتين ولا سوف أضع نجمه واحده فقط، وقد اعذر من انذر.,ar,ChdDSUhNMG9nS0VJQ0FnSUNWa016VmtnRRAB
123,ibrahim toweel,5,تاريخ التعديل: قبل سنة,,"جامعة عريقة تكونت من افضل الفروع بجامعة الامام و جامعة الملك سعود و حصلت على الاعتماد محليا ولديها تسع كليات معتمدة دوليا.
لديها كوكبة من الاساتذة الكبار في مجالات علمية مختلفة .. و تستحق  الأفضل..
لديها مدينة جامعية ضخمة ولديها فروع تخدم النطاق الحضري في منطقة القصيم",ar,ChZDSUhNMG9nS0VJQ0FnSUMwaVpTVEJREAE
124,ibrahim toweel,,,,"ibrahim toweel
مرشد محلي · 1,242 مراجعة · 510 صور",ar,ChZDSUhNMG9nS0VJQ0FnSUMwaVpTVEJREAE
125,Tagraahd u,,قبل 3 سنوات,2023-04-07,كل شي تمام الجامعه حلوه ونظيفه ب نسبه للكفي والفطور والقهوه اسعارهم جدا غاليه والكوب صغير حرام ب 17 وكيكه صغيره ب 18 جدا غالي والطالب مامعه مال يكفي عشان يشتري ويفطر ومحتاج فطور وطاقه بس السعر مكلف اتمنى يخفضون السعر شوي لمصلحه الطلاب,ar,ChdDSUhNMG9nS0VJQ0FnSURCLXFYWWtRRRAB
126,عبدالرزاق عبيد,,قبل سنتين,,"ادعولي الله يوفقني وادخل القسم المطلوب ويرزقني الله من واسع فضله
إن شاء الله ادخلها وادخل اطلق قسم مطلوب ادعولي 💔
1445/8/27
2024/3/8
الجمعة
6:03 الصبح
الخشيبي غرفه جدتي
Snab :FHN8860
Tik tok : ZOB3Y",ar,ChZDSUhNMG9nS0VJQ0FnSUM5OWZqY1BnEAE
127,عبدالرزاق عبيد,,,,"عبدالرزاق عبيد
3 مراجعات",ar,ChZDSUhNMG9nS0VJQ0FnSUM5OWZqY1BnEAE
128,baru,,قبل سنتين,,"يجيبون لك أزفت الدكاترة مادري من وين يجيبون اشكالهم موقع الجامعه زفت ومافي اي تنازلات للخريجين
النجمه هذي للقلة القليلة من الدكاترة المحترمين
أنصحكم بالهروب، السعودية مليئة بالجامعات الجيدة وش الله حادك على ذي !!!",ar,ChdDSUhNMG9nS0VJQ0FnSUNOdHRIcHB3RRAB
129,Somani Aj,5,تاريخ التعديل: قبل سنتين,,"صرح كبير، يضم كليات متنوعة ، ونخبة من الأساتذة في مختلف التخصصات.
تحية عميقة لكلية الإدارة والأعمال، خاصة قسم المحاسبة..
كانت زيارتي الأخيرة في ١٤٣٣، لحظة استلامي لوثيقة التخرج 🎓 سقى الله تلك الأيام.. 💔 …",ar,ChZDSUhNMG9nS0VJQ0FnSUR5cHR1Z0Z3EAE
130,Somani Aj,,,,"Somani Aj
مرشد محلي · 48 مراجعة",ar,ChZDSUhNMG9nS0VJQ0FnSUR5cHR1Z0Z3EAE
131,Jana Alsuwayni,,قبل سنة,,الحين ليشش ماطلعت لي رغبات مع انه موزونتيييي زينهه؟؟؟والله شي يقهر مع انه الجامعه زققق محد يبيها وهم رافعين نسب القبول وش دعوى!!!حسبي الله ونعم الوكيل فيهم,ar,ChdDSUhNMG9nS0VJQ0FnSURyanVydHdRRRAB
132,Jana Alsuwayni,,,,"Jana Alsuwayni
14 مراجعة",ar,ChdDSUhNMG9nS0VJQ0FnSURyanVydHdRRRAB
133,Heba Pary,,قبل سنة,,اتمنى عدم جعل الطالبات يداومون اثناء الحر، وماينفع ابدًا مايكون فيه رقابه على الآلات لبيع المشروبات تسحب فلوس بلا عودة!!,ar,ChZDSUhNMG9nS0VJQ0FnSURINWFQRlhBEAE
134,Heba Pary,,,,"Heba Pary
مراجعة واحدة",ar,ChZDSUhNMG9nS0VJQ0FnSURINWFQRlhBEAE
135,Rnoo,5,تاريخ التعديل: قبل سنتين,,"الصراحه جامعة روعه
يكفي اني كلمتهم اتصال على ٣ ارقام وكلها ردوا وافادوني جدا 💛🤍
احنا في الرياض ندق ع جامعاتنا لا حياه لمن تنادي تحويلات ولا احد يرد عليك
واذا ردوا ما يدرون عن شي
اتمنى انقبل دكتوارة فيها 🙏🙏",ar,ChdDSUhNMG9nS0VJQ0FnSUNocllpMjFBRRAB
136,Rnoo,,,,"Rnoo
مرشد محلي · 382 مراجعة · 2,109 صور",ar,ChdDSUhNMG9nS0VJQ0FnSUNocllpMjFBRRAB
137,Azooz,2,قبل 11 شهرًا,2025-05-11,ترى حبيبتي عندكم انتبهو لها ولا تتعبونها ولا تظغطون عليها بالاختبارات,ar,ChdDSUhNMG9nS0VJQ0FnTUNZLVB5czFBRRAB
138,ALMOHAWIS عبدالرحمن,5,تاريخ التعديل: قبل 10 أشهر,,"جامعة رائعه في بنيتها التحتيه و رسالتها الساميه و أهدافها الراقيه و مسؤووليتها مناراةً للعلم و المخرجات المتكامله منها لخدمة الوطن و تمثل مصدراً وطنياً لتحقيق رؤية 2030السعودية بإذن الله وهي تمثل ما أقوله عنها دوماً ""الجامعة اللامعه"" 💙 …",ar,ChZDSUhNMG9nS0VJQ0FnSUQwM09MMlNnEAE
139,ALMOHAWIS عبدالرحمن,,,,"ALMOHAWIS عبدالرحمن
مرشد محلي · 121 مراجعة · 374 صورة",ar,ChZDSUhNMG9nS0VJQ0FnSUQwM09MMlNnEAE
140,بدوّي حتى النخاع,5,قبل 4 سنوات,2022-04-07,"هي ليست جامعة فقط 👨‍🎓 👩‍🎓
هي مدينة تعليمية كاملة الخدمات
ذات بنية تحتية فائقة الجودة
سواءً الطرق والارصفة التي تتزين بالاشجار والعشب
وصولاً الى فخامة المباني والكليات المتعددة
والسكن الجامعي لإعضاء التدريس والطلاب ووووو..
-
هي بأختصار صرح تعليمي شامخ
يحق لنا أن نفخر ونباهي به الجميع🧑🏻‍🦯",ar,ChZDSUhNMG9nS0VJQ0FnSUNtb09MZWRBEAE
141,بدوّي حتى النخاع,,,,"بدوّي حتى النخاع
مرشد محلي · 21 مراجعة · 57 صورة",ar,ChZDSUhNMG9nS0VJQ0FnSUNtb09MZWRBEAE
142,نل نغ,5,قبل 7 أشهر,,صرح تعليمي شامخ يخدم منطقة القصيم,ar,Ci9DQUlRQUNvZENodHljRjlvT21WTVFuRmFZbE14UkZoRE1XdFlWMlp3YmxWak5GRRAB
143,السيف الصقيل,5,قبل 4 سنوات,2022-04-07,جامعه القصيم احدى الجامعات العريقه فهي فيما مضى كانت تابعة لجامعه الملك سعود العملاقه وهي بعد انفصال الجامعات اصبحت القصيم بإسم المنطقه التي هي بها جامعه القصيم منافسه وبقوه وعمل دؤوب جدا جدا لتكون من افضل الجامعات في المملكه العربيه السعوديه وقد حصلت على مرتبة متقدمة بترتيب  307. على مستوى جامعات العالم في العام 2016م,ar,ChZDSUhNMG9nS0VJQ0FnSUNxeGZmYVNREAE
144,السيف الصقيل,,,,"السيف الصقيل
مرشد محلي · 53 مراجعة · 38 صورة",ar,ChZDSUhNMG9nS0VJQ0FnSUNxeGZmYVNREAE
145,Abdulaziz,3,قبل سنتين,,جامعة جميله ولكن البهو لونه بيج يعطيك شعور ان الدنيا عجاج 🥲 ، ليتكم تخلونه ابيض بيكون اجمل بمراحل ، واذا على التنظيف خلوا طلاب الهندسه يسوون طيارات درون تمسح القزاز والجدران 👍🏻 …,ar,ChZDSUhNMG9nS0VJQ0FnSUMxc0luRVl3EAE
146,Abdulaziz,,,,"Abdulaziz
مرشد محلي · 12 مراجعة · صورتان (2)",ar,ChZDSUhNMG9nS0VJQ0FnSUMxc0luRVl3EAE
147,Wgd Alaqeel,,قبل سنتين,,بالله احد يتبرع لنا بكليه الاداره بنات ويحط كوفي مو معقول فيه ٢ كافتريا بنفس المبنى,ar,ChZDSUhNMG9nS0VJQ0FnSUN0LUxma1VnEAE
148,Wgd Alaqeel,,,,"Wgd Alaqeel
4 مراجعات · 8 صور",ar,ChZDSUhNMG9nS0VJQ0FnSUN0LUxma1VnEAE
149,أنوار العضيله,,قبل 11 شهرًا,2025-05-11,"السلام عليكم
اتمنى منكم التخفيف والانتباه على كدوي وعدم الضغط عليهاا بيومها وبكون شاكره جدا لكم",ar,ChZDSUhNMG9nS0VJQ0FnTUNvNExlSkZREAE
150,أنوار العضيله,,,,"أنوار العضيله
مراجعة واحدة",ar,ChZDSUhNMG9nS0VJQ0FnTUNvNExlSkZREAE
151,Turky,2,قبل 3 سنوات,2023-04-07,غيروا كراسي كلية السنة التحضيرية الله يرحم والديكم. الشنطة ماتدري وين تحطه والكرسي كل ماتحركت يطلع اصوات قويه ومزعجه جداً والي تحط عليه كتابك صغيره وكثير تكون مايله وخربانه يعني تحط الكتاب يطيح!,ar,ChdDSUhNMG9nS0VJQ0FnSUMyaHBTTDdnRRAB
152,Turky,,,,"Turky
مرشد محلي · 23 مراجعة · صورة واحدة",ar,ChdDSUhNMG9nS0VJQ0FnSUMyaHBTTDdnRRAB
153,Suliman Alsalehi,5,قبل سنة,,جامعة ذات مكانه عريقه اذا تكونت من كليات جامعة الامام محمد بن سعود وكليات جامعة الملك سعود التى انشاة في القصيم ... وقد خرجت اجيال من العلماء وما زالت تضيف كواكب من العلماء ...,ar,ChdDSUhNMG9nS0VJQ0FnSUNUaVpleGdBRRAB
154,Suliman Alsalehi,,,,"Suliman Alsalehi
مرشد محلي · 491 مراجعة · 2,470 صورة",ar,ChdDSUhNMG9nS0VJQ0FnSUNUaVpleGdBRRAB
155,فادي / Fadi,5,قبل 8 أشهر,,سلام عليكم حبيت استفسر هل فيه سكن للطلاب الي من برا القصيم وكم رسوم السكن ؟,ar,Ci9DQUlRQUNvZENodHljRjlvT21KRmJtVkhjSFEwWlZKbFZtdFNTbEpOTnpsNFdYYxAB
156,فادي / Fadi,,,,"فادي / Fadi
مراجعتان (2)",ar,Ci9DQUlRQUNvZENodHljRjlvT21KRmJtVkhjSFEwWlZKbFZtdFNTbEpOTnpsNFdYYxAB
157,عبدالله يحي منصر ناجي,5,قبل 4 أشهر,,افضل جامعة في القصيم,ar,Ci9DQUlRQUNvZENodHljRjlvT210d2JsVkVaVXhZWnpWa05sOU5SVzUwWkdKTFJHYxAB
158,عبدالله يحي منصر ناجي,,,,"عبدالله يحي منصر ناجي
مرشد محلي · 38 مراجعة · 88 صورة",ar,Ci9DQUlRQUNvZENodHljRjlvT210d2JsVkVaVXhZWnpWa05sOU5SVzUwWkdKTFJHYxAB
159,Saa 22,5,تاريخ التعديل: قبل 3 سنوات,2023-04-07,صرح تعليمي عظيم,ar,ChZDSUhNMG9nS0VJQ0FnSURtbmM3akd3EAE
160,Saa 22,,,,"Saa 22
مرشد محلي · 544 مراجعة · 960 صورة",ar,ChZDSUhNMG9nS0VJQ0FnSURtbmM3akd3EAE
161,Lama Al,,قبل سنتين,,اتمنى تراجعون موضوع الكفتريا عند البنات اجل ساندويتش صغيره وناشفه ب ١٠ ريال والبطاطس حرفيا دبل سعره نطلع ١:٣٠او ٢ وحرفيا هلكين جوع ولا فيه شي ينوكل ياليت صدق تحطون لنا زي العيال 😔💔 …,ar,ChdDSUhNMG9nS0VJQ0FnSURGX2V5WnFBRRAB
162,Lama Al,,,,"Lama Al
مرشد محلي · 15 مراجعة",ar,ChdDSUhNMG9nS0VJQ0FnSURGX2V5WnFBRRAB
163,عبدالحليم شكاك,4,قبل سنة,,كل شى تمام لايوجد خدمة توصيل خفيفه ومجانيه للتنقل بها داخل الجامعه ضروري وجود هذه الخدمه وشكرا,ar,ChdDSUhNMG9nS0VJQ0FnSURIOVBmSXp3RRAB
164,عبدالحليم شكاك,,,,"عبدالحليم شكاك
مرشد محلي · 38 مراجعة · 7 صور",ar,ChdDSUhNMG9nS0VJQ0FnSURIOVBmSXp3RRAB
165,Toxic Terorr,5,قبل سنتين,,"الجامعة حلوه
بلنسبة لكلية الزراعة و الطب البيطري
الدكاتره اغلبهم متساعدين و عسل
الكليه ينقصها بعض الاهتمام و التجديد لأنها قديمه",ar,ChdDSUhNMG9nS0VJQ0FnSUNGa1l5T3FRRRAB
166,Toxic Terorr,,,,"Toxic Terorr
مرشد محلي · 18 مراجعة",ar,ChdDSUhNMG9nS0VJQ0FnSUNGa1l5T3FRRRAB
167,ابو شهد Jmal,5,قبل 4 سنوات,2022-04-07,منبر تعليمي عبارة عن مدينة متكاملة نفخر بها,ar,ChZDSUhNMG9nS0VJQ0FnSUM2bnV5QVVREAE
168,ابو شهد Jmal,,,,"ابو شهد Jmal
مرشد محلي · 329 مراجعة · 748 صورة",ar,ChZDSUhNMG9nS0VJQ0FnSUM2bnV5QVVREAE
169,mmm mmm,2,قبل سنتين,,"مبنى كلية الزراعة والطب البيطري سيء مقارنة بالكليات الاخرى

الايجابيات:
١-يوجد مصليين فالدور الاول والثاني
٢-الحمامات تجدها بكل مكان ونظيفه دائمًا

السلبيات:
١- لايوجد كراسي مريحة لطلبة اثناء البريكات
٢- القاعات ياتكون ٢٠ تحت الصفر ياتكون ٥٠ درجة مئوية
٣- لايوجد قاعات صغيرة للمذاكرة مقارنة بالكليات الاخرى
٤- لايوجد روائح جميلة مقارنة بالكليات الاخرى
٥-لايوجد بها كشك لبيع القهوة مقارنة بالكليات الاخرى",ar,ChdDSUhNMG9nS0VJQ0FnSURaM09YaTlBRRAB
170,mmm mmm,,,,"mmm mmm
مرشد محلي · 19 مراجعة · صورتان (2)",ar,ChdDSUhNMG9nS0VJQ0FnSURaM09YaTlBRRAB
171,ناصر نصوري,,قبل سنة,,اخس جامعة شفتها بحياتي من كثر مشاكل الدكاتره المصاريه على اهلنا والله العظيم شي يرفع الظغط وماتدري من تكلم على كيفهم يسوون ويلعبون الله المستعان,ar,ChdDSUhNMG9nS0VJQ0FnTURBczRuNXZ3RRAB
172,Bushra,,قبل سنة,,جامعة طول بعرض وحاطين بوابة وحدة للخروج اقتحوا البوابات الثانيه الحوادث جوا الجامعة من الزحمة موب معقولة فوضى وتأخير والسيارات ورا بعض,ar,ChdDSUhNMG9nS0VJQ0FnTUNnd09fZGpRRRAB
173,Bushra,,,,"Bushra
مرشد محلي · 31 مراجعة · 5 صور",ar,ChdDSUhNMG9nS0VJQ0FnTUNnd09fZGpRRRAB
174,911,,قبل 7 أشهر,,لو يحلتون التطبيقية ببريدة ازين تهاويل البعد,ar,Ci9DQUlRQUNvZENodHljRjlvT21aSGQzRlNURWhTVEV4R1FscHZUbGRDV0ZjeU5FRRAB
175,911,,,,"911
مرشد محلي · 52 مراجعة · صورة واحدة",ar,Ci9DQUlRQUNvZENodHljRjlvT21aSGQzRlNURWhTVEV4R1FscHZUbGRDV0ZjeU5FRRAB
176,ss mm,,قبل 3 سنوات,2023-04-07,للاسف زرت قسم الاسنان وكراسي الانتظار حديد وكأننا في ضيق مادي اوعدم معرفتهم بأن من يأتي إليهم مريض ويحتاج انتظار مريح الايوجد ميزانيات لديهم الايوجدادارة مراجعه داخلية تعنى بهذه الاشياء,ar,ChdDSUhNMG9nS0VJQ0FnSUNlbDVUMXFRRRAB
177,ss mm,,,,"ss mm
مرشد محلي · 144 مراجعة",ar,ChdDSUhNMG9nS0VJQ0FnSUNlbDVUMXFRRRAB
178,لؤلؤة الهدى,5,قبل 5 سنوات,2021-04-07,قمة في التعامل والأخلاق  والبناء والخدمات راقيه جدا جدا,ar,ChZDSUhNMG9nS0VJQ0FnSUR5N29uSVpBEAE
179,لؤلؤة الهدى,,,,"لؤلؤة الهدى
مرشد محلي · 118 مراجعة · 18 صورة",ar,ChZDSUhNMG9nS0VJQ0FnSUR5N29uSVpBEAE
180,علوشي دنقلا,5,قبل شهر,,روعه,ar,Ci9DQUlRQUNvZENodHljRjlvT21wNFNFRk1ORzVYY1ZOVU5WWmpkWEZHV0cxMU0yYxAB
181,علوشي دنقلا,,,,"علوشي دنقلا
مرشد محلي · 199 مراجعة · 186 صورة",ar,Ci9DQUlRQUNvZENodHljRjlvT21wNFNFRk1ORzVYY1ZOVU5WWmpkWEZHV0cxMU0yYxAB
182,Deema Deema,5,قبل 3 سنوات,2023-04-07,ياحظكم زوجتي تدرس عندكم اتمنى محد يزعلها ابد ولا بشخصنها معكم ل اخر يوم بالحياه واتمنى بعد حتى لو حسيتوا انها غلطت احساسكم بيكون غلط لان زوجتي ماتغلط ابد بالنهايه لو فكرتوا تزعلونها بيوم هي تستحق افضل منكم,ar,ChdDSUhNMG9nS0VJQ0FnSURCOThEVDdRRRAB
183,Deema Deema,,,,"Deema Deema
مراجعة واحدة",ar,ChdDSUhNMG9nS0VJQ0FnSURCOThEVDdRRRAB
184,المهندس ”ابو انور“,3,قبل 11 شهرًا,2025-05-11,"موقع الجامعة، المباني، التنظيم  "" درجة كاملة""
قسم الأشعة قسم الأسنان  "" هنود و باكستان ليس لديهم اي معرفة """,ar,ChZDSUhNMG9nS0VJQ0FnTUNZN0wtUUZREAE
185,المهندس ”ابو انور“,,,,"المهندس ”ابو انور“
مرشد محلي · 112 مراجعة · 6 صور",ar,ChZDSUhNMG9nS0VJQ0FnTUNZN0wtUUZREAE
186,Rula Alslal,,قبل 4 سنوات,2022-04-07,"النجمة عشان التعليق ولا جامعه فاشله من جميع الاتجاهات اعضاء التدريس وشؤون الطلاب رافعه طلب بدل فاقد للبطاقه من ٢٠١٩ وكلما جيتهم يقولون لي عبي استبيان جديد ٦ مرات ابي استبان والحين بتخرج وانا للحين مامعي بطاقه جامعيه
ناهيك عن الفشل الذريع اللي شفناه خلال ازمة كرونا جامعه فاشله من جميع النواحي",ar,ChZDSUhNMG9nS0VJQ0FnSUM2M3V5TVJREAE
187,Rula Alslal,,,,"Rula Alslal
مرشد محلي · 25 مراجعة · 4 صور",ar,ChZDSUhNMG9nS0VJQ0FnSUM2M3V5TVJREAE
188,ARWA,3,قبل 4 سنوات,2022-04-07,حميل التطوير الحاصل في المستشفى لكن يظل فيه عشوائية عجيبة في أنظمة التشغيل بخصوص المواعيد والتحويل للعيادات فضلا عن استقبال العيادات الخارجية كانوا بنات وغريب تعاملهم وفي المقابل استقبال الطوارئ جدا متعاون ومحترف.,ar,ChdDSUhNMG9nS0VJQ0FnSUNXODliQV93RRAB
189,ARWA,,,,"ARWA
مرشد محلي · 264 مراجعة · 434 صورة",ar,ChdDSUhNMG9nS0VJQ0FnSUNXODliQV93RRAB
190,ابو مجاهد الحارثي,5,قبل 4 سنوات,2022-04-07,"ماشاءلله تبارك الرحمن صرح علمي جميل وتصميم عالمي مع حسن استقبال الزوار والمراجعين من قبل اساتذة ودكاترة وموضفي الجامعه بكل صدرآ رحب وسلاسة المعامله
اسال الله التوفيق الجميع ....",ar,ChZDSUhNMG9nS0VJQ0FnSUM2NFpPWkNBEAE
191,ابو مجاهد الحارثي,,,,"ابو مجاهد الحارثي
مرشد محلي · 51 مراجعة · 11 صورة",ar,ChZDSUhNMG9nS0VJQ0FnSUM2NFpPWkNBEAE
192,Mohamed Elgohary,4,تاريخ التعديل: قبل 5 أشهر,,جامعة وصرح علمي بالقصيم يحتوي على كليات متنوعة ويحتوي على المستشفى الجامعي,ar,ChdDSUhNMG9nS0VMLVl1bzJFcS1EM3BBRRAB
193,Mohamed Elgohary,,,,"Mohamed Elgohary
مرشد محلي · 285 مراجعة · 242 صورة",ar,ChdDSUhNMG9nS0VMLVl1bzJFcS1EM3BBRRAB
194,ahlam Al-Shalahi,4,تاريخ التعديل: قبل 4 سنوات,2022-04-07,على حسب اقسام الكليات  والدكاتره،  بشكل عام حلوه اللي تدرس عند لبنى اللهيب محظوظة لانها  افضل دكتورة بالجامعه🥺❤ …,ar,ChdDSUhNMG9nS0VJQ0FnSURtcU1xUDV3RRAB
195,ahlam Al-Shalahi,,,,"ahlam Al-Shalahi
مرشد محلي · 49 مراجعة · 23 صورة",ar,ChdDSUhNMG9nS0VJQ0FnSURtcU1xUDV3RRAB
196,ابومحمد,5,قبل 7 سنوات,2019-04-08,جامعه مميزه وفي تقدم,ar,ChdDSUhNMG9nS0VJQ0FnSUNRb0thWXZRRRAB
197,ابومحمد,,,,"ابومحمد
مرشد محلي · 338 مراجعة · 1,232 صورة",ar,ChdDSUhNMG9nS0VJQ0FnSUNRb0thWXZRRRAB
198,صالح فهد,,قبل 11 شهرًا,2025-05-11,حر موت المكيفات ماتعمل ولا يفتحون الدرايش هلكنا 🥵🥵🥵🥵 …,ar,ChZDSUhNMG9nS0VJQ0FnTURJa09qOE5REAE
199,صالح فهد,,,,"صالح فهد
14 مراجعة · صورتان (2)",ar,ChZDSUhNMG9nS0VJQ0FnTURJa09qOE5REAE
200,Sarra Ochi,5,قبل 8 سنوات,2018-04-08,جامعة القصيم هي جامعة سعودية حكومية تقع في مدينة بريدة شمال مطار الأمير نايف، وهي إحدى الجامعات الحكومية الشاملة، يشرف عليها وزارة التعليم السعوديةويتولى إدارة الجامعة أ.د. عبد الرحمن بن حمد الداود. وتشتمل على 71 تخصصاً علمياً في المجالات المختلفة، الشرعية والعربية والإنسانية إضافة إلى التخصصات العلمية والهندسية والصحية. وتقدم الجامعة جميع الدرجات العلمية بعد المرحلة الثانوية.[1],ar,ChZDSUhNMG9nS0VJQ0FnSURRX3F1Qk1REAE
201,Sarra Ochi,,,,"Sarra Ochi
مرشد محلي · 208 مراجعات · 1,317 صورة",ar,ChZDSUhNMG9nS0VJQ0FnSURRX3F1Qk1REAE
202,Don,,قبل سنتين,,كنت بمدحكم بس اكتشفت انكم معقدين ام العيال فا ماتستاهلون الا نجمه وحده والمره هذي وقفت على النجوم المره الجايه بتفاهم معكم 👍🏻 …,ar,ChZDSUhNMG9nS0VJQ0FnSUM5M01ycFhnEAE
203,daniah,,قبل سنتين,,ليه تسوون ميد تيرم مرتين !!! لو فيه نص نجمة كان حطيت وشوله تضغطون سوسو اتمنى اعادة النظر في النظام الواحد يتعلم ولا يشيل هم,ar,ChdDSUhNMG9nS0VJQ0FnSUQ1aXZxWTNBRRAB
204,Faisal C,,قبل 6 سنوات,2020-04-07,اهررررررب اسوء جامعة في السعودية! دكاترة زفت ولا يوجد تفعيل للتعليم الالكتروني ومكان الجامعة ميت مافيه حتى اشباح!!! الشعب قليلة وبعض المواد مافيها إلا دكتور واحد وقت واحد!!! روح ابتعاث او سعود وعزوز احسن لك مليون مره لو تقدر,ar,ChdDSUhNMG9nS0VJQ0FnSUNNaGFQV3FBRRAB
205,Faisal C,,,,"Faisal C
مراجعة واحدة",ar,ChdDSUhNMG9nS0VJQ0FnSUNNaGFQV3FBRRAB
206,موجه حياتي فهد الثبيتي,,قبل 6 سنوات,2020-04-07,"الموظفين الاداريين تعاملهم زي الزفت، والواحد ما يكلمك الا من خشمه كنك جاي تشحد من جيبه شي، تأخير معاملات، تطفيش المراجعين، استهتار في حقوق الناس، مماطلة في انهاء الإجراءات.... إلخ، ما أقول الا ""الله يعينهم على نفسياتهم"" حسبي الله ونعم الوكيل.",ar,ChZDSUhNMG9nS0VJQ0FnSUMwbmJid1l3EAE
207,موجه حياتي فهد الثبيتي,,,,"موجه حياتي فهد الثبيتي
مرشد محلي · 73 مراجعة · 662 صورة",ar,ChZDSUhNMG9nS0VJQ0FnSUMwbmJid1l3EAE
208,Mohammed,2,قبل 6 سنوات,2020-04-07,"على كثر ماسمعت عنها انها جامعه سيئه للغايه الا انه ادق على التالفون يرفع و يسكر 😆💔
ماقول الا حسبي الله ونعم الوكيل كيف انه يصرف عليكم رواتب منتب له هاذا الكلام تاريخ محرم ١٨/١٤٤١ اساعه ١٠/٣٠ …",ar,ChZDSUhNMG9nS0VJQ0FnSUMwelA3YlhnEAE
209,Mohammed,,,,"Mohammed
مرشد محلي · 40 مراجعة",ar,ChZDSUhNMG9nS0VJQ0FnSUMwelA3YlhnEAE
210,خالد الحسون,5,قبل سنة,,المدينة الجامعية لجامعة القصيم,ar,ChdDSUhNMG9nS0VJQ0FnSUMzNXFuVXZBRRAB
211,خالد الحسون,,,,"خالد الحسون
مرشد محلي · 298 مراجعة · 249 صورة",ar,ChdDSUhNMG9nS0VJQ0FnSUMzNXFuVXZBRRAB
212,Ibrahim Ismail,4,قبل سنتين,,جامعة ضخمة ومعلم عملاق مدينة داخل مدينة,ar,ChdDSUhNMG9nS0VJQ0FnSUNwNmNUdDhnRRAB
213,Ibrahim Ismail,,,,"Ibrahim Ismail
مرشد محلي · 236 مراجعة · 491 صورة",ar,ChdDSUhNMG9nS0VJQ0FnSUNwNmNUdDhnRRAB
214,zuhir m,5,تاريخ التعديل: قبل 10 أشهر,,جامعة راقية، تعليم متميز، وخدمات متكاملة.,ar,ChdDSUhNMG9nS0VJQ0FnSURQbmZybDlRRRAB
215,zuhir m,,,,"zuhir m
مرشد محلي · 78 مراجعة · 158 صورة",ar,ChdDSUhNMG9nS0VJQ0FnSURQbmZybDlRRRAB
216,عبدالمحسن,,قبل سنة,,من الساعه ٨ الى صلاة الظهر وانا ادور عشان اسلم رسالة بس كل واحد يتهرب من مسؤوليته عشان ما يشتغل,ar,ChZDSUhNMG9nS0VJQ0FnSUNYeE5DY01REAE
217,عبدالمحسن,,,,"عبدالمحسن
مرشد محلي · 82 مراجعة · 8 صور",ar,ChZDSUhNMG9nS0VJQ0FnSUNYeE5DY01REAE
218,D7OOM _992,,قبل سنة,,مافي اي محل للافطار والبوفيات اللي موجوده طعمها سيئ اكرم الله النعمه 👎 …,ar,ChdDSUhNMG9nS0VJQ0FnSUNIMHMzaXFRRRAB
219,D7OOM _992,,,,"D7OOM _992
مرشد محلي · 33 مراجعة · 7 صور",ar,ChdDSUhNMG9nS0VJQ0FnSUNIMHMzaXFRRRAB
220,DAB,,قبل سنة,,لاانصح بالدراسه فيها لانه بتخليك مهبول والمفروض مع شهادة التخرج يتكفلون بعلاجك نفسياً 6 شهور على حسابهم,ar,ChdDSUhNMG9nS0VJQ0FnSUM3bU1ibHhRRRAB
221,DAB,,,,"DAB
مرشد محلي · 34 مراجعة · 3 صور",ar,ChdDSUhNMG9nS0VJQ0FnSUM3bU1ibHhRRRAB
222,ياسر العثيم,,تاريخ التعديل: قبل سنة,,من اسواء الجامعة بالمملكة و تعامل من الموظفين سئ جدااا الى عميد كلية لغة العربيه و عميد الجامعة للاسف لاحد يستجيب يحسسون انهم فوق الناس رافعين خشومهم,ar,ChdDSUhNMG9nS0VJQ0FnSUNIN05mNy1nRRAB
223,ياسر العثيم,,,,"ياسر العثيم
10 مراجعات",ar,ChdDSUhNMG9nS0VJQ0FnSUNIN05mNy1nRRAB
224,غازي الراجحي,,قبل 6 سنوات,2020-04-07,كانت ومازلت اسمع ... قله في المخرجات ... الطالب الذي انشأت الجامعة من اجله لا قيمة له ... مصروفات تفوق ميزانيات دول ... اعتماد على غير السعوديين في الكليات ..,ar,ChZDSUhNMG9nS0VJQ0FnSURZZ3BmdWRREAE
225,غازي الراجحي,,,,"غازي الراجحي
مرشد محلي · 244 مراجعة · 140 صورة",ar,ChZDSUhNMG9nS0VJQ0FnSURZZ3BmdWRREAE
226,MOHMMED,3,قبل سنتين,,طلاب الأنظمة والحقوق لا يمكنهم إكمال دراساتهم العليا بالدكتوراه بسبب عدم وجود برنامج دكتوراه أنظمة 😔 …,ar,ChdDSUhNMG9nS0VJQ0FnSUNEMjVUZGdnRRAB
227,MOHMMED,,,,"MOHMMED
مرشد محلي · 10 مراجعات · 3 صور",ar,ChdDSUhNMG9nS0VJQ0FnSUNEMjVUZGdnRRAB
228,zorro,5,قبل 5 سنوات,2021-04-07,جامعة القصيم جامعة متطوره جدا وهذا السبب يرجع الى اهل المنطقة خاصة مدينة بريدة المدينة المركزية المثقفون وانفتاحهم على الثقافات من قديم الزمان ايام رحلاتهم على الجمال منهم من عمل فالشام والعراق ومصر والهند ومنهم من وصل الى امريكا وهولاء يسمون عقيلات,ar,ChZDSUhNMG9nS0VJQ0FnSUR5NU11Z1BREAE
229,zorro,,,,"zorro
مرشد محلي · 98 مراجعة · 7 صور",ar,ChZDSUhNMG9nS0VJQ0FnSUR5NU11Z1BREAE
230,فايز العوفي,5,قبل سنة,,من اروع الجامعات تنظيم واهتمام علمي ووحدة صحية,ar,ChdDSUhNMG9nS0VJQ0FnTUR3NE5yQWhnRRAB
231,فايز العوفي,,,,"فايز العوفي
مرشد محلي · 14 مراجعة · صورة واحدة",ar,ChdDSUhNMG9nS0VJQ0FnTUR3NE5yQWhnRRAB
232,سامي الكريديس,5,قبل 4 سنوات,2022-04-07,"جامعة القصيم تحفة معمارية فريدة
راجعت عمادة القبول والتسجيل ووجدت الاستقبال الرائع من منسوبي العمادة والاستماع الجيد منهم والحوار الطيب
وفقهم الله لخدمة أبناء وبنات الوطن",ar,ChdDSUhNMG9nS0VJQ0FnSURhMU9yczdRRRAB
233,سامي الكريديس,,,,"سامي الكريديس
مرشد محلي · 28 مراجعة",ar,ChdDSUhNMG9nS0VJQ0FnSURhMU9yczdRRRAB
234,شادن,,قبل سنتين,,"المبنى جديد ومع ذلك مليان مشاكل ، كثير من الدكاتره يتعاملون مع الطلبه زي اليهود اذا عندك استطاعه تدرس بمكان ثاني ادرس هناك افضل

شؤون الطالبات غالبيتهن سيئات ومايفهمن شيء بالنظام",ar,ChZDSUhNMG9nS0VJQ0FnSUNwc2FlakZnEAE
235,شادن,,,,"شادن
مرشد محلي · 36 مراجعة · 5 صور",ar,ChZDSUhNMG9nS0VJQ0FnSUNwc2FlakZnEAE
236,Ahmed Alsagoub,5,قبل سنتين,,صرح تعليمي يخدم أبناء المنطقة ويستقبل سنويا عشرات الالوف من الطلاب المستجدين ويخرج مثلهم من المؤهلين  لسوق العمل من جميع التخصصات,ar,ChdDSUhNMG9nS0VJQ0FnSURwczdhSTl3RRAB
237,Ahmed Alsagoub,,,,"Ahmed Alsagoub
مرشد محلي · 118 مراجعة",ar,ChdDSUhNMG9nS0VJQ0FnSURwczdhSTl3RRAB
238,شيخه الشمري,,قبل 8 أشهر,,هل جامعه القصيم فيها سنة تأهيلية ؟,ar,Ci9DQUlRQUNvZENodHljRjlvT2xBemRHRklkRmd5UjJGWk5HdHhVVmhIVUhKMWEwRRAB
239,شيخه الشمري,,,,"شيخه الشمري
8 مراجعات · 3 صور",ar,Ci9DQUlRQUNvZENodHljRjlvT2xBemRHRklkRmd5UjJGWk5HdHhVVmhIVUhKMWEwRRAB
240,Bassam Shehadeh,5,تاريخ التعديل: قبل 3 سنوات,2023-04-07,شاهدتي مجروحه انا احد اعضاء التدريس في الجامعه. لكنها بحق تطورت بشكل حثيث يضاهي اكبر الجامعات مع جوده تعليميه عاليه و  مستوى اداري رفيع.,ar,ChdDSUhNMG9nS0VJQ0FnSUNDX00zanlnRRAB
241,Bassam Shehadeh,,,,"Bassam Shehadeh
مرشد محلي · 65 مراجعة · صورة واحدة",ar,ChdDSUhNMG9nS0VJQ0FnSUNDX00zanlnRRAB
242,Abu mohsn .,5,قبل 5 سنوات,2021-04-07,"بصراحة شي مذهل
صرح علمي فوق الممتاز
ترتيب ونظام كل قسم لحالة
ولا استقبال الموظفين شي رائع اخلاق علية واحترام وتقدير",ar,ChZDSUhNMG9nS0VJQ0FnSURDZ2F2dkhBEAE
243,Abu mohsn .,,,,"Abu mohsn .
مرشد محلي · 18 مراجعة · 24 صورة",ar,ChZDSUhNMG9nS0VJQ0FnSURDZ2F2dkhBEAE
244,Cowboy,5,قبل 3 سنوات,2023-04-07,"مدينه كامله متكاملة الخدمات الكليات والجامعات والترتيب بين الأقسام وكذلك موقع الإدارة العامة الخرافية والقاعات والموتمرات كنت أحد موظفي القطاع الخاص الي يعلمون في الجامعة قبل كورونا
وتذكرت الماضي الجميل فيها أتمنى أن تعود",ar,ChdDSUhNMG9nS0VJQ0FnSURCbVlmeXNBRRAB
245,Cowboy,,,,"Cowboy
مرشد محلي · 179 مراجعة · 11 صورة",ar,ChdDSUhNMG9nS0VJQ0FnSURCbVlmeXNBRRAB
246,sayaf shaibani,5,قبل 3 سنوات,2023-04-07,تطورت بشكل كبير وملحوظ مدينه جامعيه جميله نتمنى لهم دوام التقدم والنجاح,ar,ChZDSUhNMG9nS0VJQ0FnSUNlenQzLUN3EAE
247,sayaf shaibani,,,,"sayaf shaibani
مرشد محلي · 115 مراجعة · 33 صورة",ar,ChZDSUhNMG9nS0VJQ0FnSUNlenQzLUN3EAE
248,Kady Alayyaf,,قبل سنتين,,"نجمة وحدة عشان الكراسي مريحة
اما الباقي سيء
دكاترة مايراعون ويتعبونك نفسياً
انا داخلة الجامعة اتدلع
ابي دكاترة يدلعوني يراعون نفسيتي
ماحبيت
نشوفكم بعد ٣ سنوات
انتظروني اعطيكم ابديت جديد",ar,ChdDSUhNMG9nS0VJQ0FnSUMxM2NmVHRBRRAB
249,Kady Alayyaf,,,,"Kady Alayyaf
4 مراجعات · صورتان (2)",ar,ChdDSUhNMG9nS0VJQ0FnSUMxM2NmVHRBRRAB
250,CHMs,,تاريخ التعديل: قبل سنة,,عمادة الدراسات العليا فيها تعنت عجيب في التعامل مع الطلاب، فوق ما انهم يشفطون فلوسك على أي شيء وكل شيء,ar,ChdDSUhNMG9nS0VJQ0FnSUNUN08zZndnRRAB
251,CHMs,,,,"CHMs
مرشد محلي · 53 مراجعة",ar,ChdDSUhNMG9nS0VJQ0FnSUNUN08zZndnRRAB
252,Khlooud,,قبل سنة,,حسبي الله بس موزونتي زينه ولا تخلوني اسجل ليه؟؟ رفع النسب على غير سنع,ar,ChZDSUhNMG9nS0VJQ0FnSUNibE4yZ1NBEAE
253,جبريل عثمان عبدالله,5,قبل 4 سنوات,2022-04-07,أنا أرى أنها أجمل جامعة في السعودية، فلذلك أفتخر بها من صميم قلبي ، وأشكر كل إداري بها بما يقدمه من جهود جبارة، وأسأل الله  السداد لهم في باقي أمورهم,ar,ChdDSUhNMG9nS0VJQ0FnSURHNk1YeDRnRRAB
254,جبريل عثمان عبدالله,,,,"جبريل عثمان عبدالله
مراجعتان (2)",ar,ChdDSUhNMG9nS0VJQ0FnSURHNk1YeDRnRRAB
255,Ali Ksa,4,قبل سنة,,كراسي قسم الشريعة سيئة+دورات المياه يوجد به صراصير والمكيفات كثير تتعطل بالصيف,ar,ChdDSUhNMG9nS0VJQ0FnSURIM3NXUzBRRRAB
256,Ali Ksa,,,,"Ali Ksa
مرشد محلي · 24 مراجعة · 3 صور",ar,ChdDSUhNMG9nS0VJQ0FnSURIM3NXUzBRRRAB
257,Nourah Alturisi,,قبل 4 سنوات,2022-04-07,جامعه متأخره في التطوير تركيزها فقط على معدل ودرجات الطالب لا تدعمه من كل النواحي مثل باقي الجامعات نشاطاتها غير متطوره وتشابه مدارس الاطفال لا يذكرون الطلاب باهميه السيره الذاتيه وسوق العمل والتواصل مع العالم من خلال النشاطات,ar,ChdDSUhNMG9nS0VJQ0FnSUNxdDdqQXV3RRAB
258,Nourah Alturisi,,,,"Nourah Alturisi
7 مراجعات · صورة واحدة",ar,ChdDSUhNMG9nS0VJQ0FnSUNxdDdqQXV3RRAB
259,امل عبدالله,5,قبل 7 أشهر,,عملي و مكتبي و مصدر فخري..,ar,Ci9DQUlRQUNvZENodHljRjlvT2pnMVdIVmhWWFZDY1haRlpEaG5RbWR5Ym5aV1pFRRAB
260,امل عبدالله,,,,"امل عبدالله
مرشد محلي · 116 مراجعة · 29 صورة",ar,Ci9DQUlRQUNvZENodHljRjlvT2pnMVdIVmhWWFZDY1haRlpEaG5RbWR5Ym5aV1pFRRAB
261,مريم العنزي,,قبل سنتين,,ياخي تعبت انا وصديقتي كل يوم نذذاكر من المنهج ومايجي خلاص تكفون نبي نتخرج وتعبنا صديقتي اسمها سناء مسكينه بس تبكي خلصت الفاين حقي💔 …,ar,ChdDSUhNMG9nS0VJQ0FnSUNEdklydHR3RRAB
262,مريم العنزي,,,,"مريم العنزي
مراجعتان (2)",ar,ChdDSUhNMG9nS0VJQ0FnSUNEdklydHR3RRAB
263,Ahmed Alfranty,3,قبل 7 سنوات,2019-04-08,"جامعة محترمة
وتعطي علم و لكن رجااءًا
خفوا على طلاب الدراسات العليا
حراام عليكم لازم تراجعوون طريقة
التعامل معهم.. حنا يفترض نتعلم بطريقة
بحثية وناقدة موو حفظ حفظ حفظ حفظ حفظ",ar,ChZDSUhNMG9nS0VJQ0FnSUNveUkybGZBEAE
264,Ahmed Alfranty,,,,"Ahmed Alfranty
مرشد محلي · 263 مراجعة · 6 صور",ar,ChZDSUhNMG9nS0VJQ0FnSUNveUkybGZBEAE
265,Saud 1,4,قبل سنتين,,السلام عليكم حبيبتي تدرس عندك اتمنى منكم تنتبهون عليها ولحد يقولها شي عشان م اعطيكم نجمه وحده واقلب الدنيا فوق روسكم👍🏻❤️ …,ar,ChdDSUhNMG9nS0VJQ0FnSUM1eUtYeHpBRRAB
266,Hifaa Alhrba,5,قبل 3 سنوات,2023-04-07,"تحتاج الي مرافق استراحه لنساء خارج الكليه  ( من مسجد ودوارات مياه  )
لي ولاه الامور  في انتظار بناتهن .  خارج فناء الكليه",ar,ChdDSUhNMG9nS0VJQ0FnSURPNE0zRnF3RRAB
267,Hifaa Alhrba,,,,"Hifaa Alhrba
9 مراجعات · صورة واحدة",ar,ChdDSUhNMG9nS0VJQ0FnSURPNE0zRnF3RRAB
268,Tøxic 666,,قبل 6 سنوات,2020-04-07,"تصريف ومايردون في الايميل ولا التلفون واليوم تاريخ ١٧/ صفر /١٤٤١
كيف اقدر اسالهم عن ابسط الاشياء وهم مايردون ولا لازم اضرب مشوار من الجبيل خمس ساعات ونص عشان اسألهم",ar,ChdDSUhNMG9nS0VJQ0FnSUMwMzhTTHpnRRAB
269,Tøxic 666,,,,"Tøxic 666
مرشد محلي · 70 مراجعة · 39 صورة",ar,ChdDSUhNMG9nS0VJQ0FnSUMwMzhTTHpnRRAB
270,H,5,قبل سنتين,,حبيبي باسل يدرس بهذي الجامعه ياريت ماتضغطون عليه لانه مبسوط بتخصصه واذا اشتكى منكم ماراح اقيمكم,ar,ChZDSUhNMG9nS0VJQ0FnSUROdHJfYkVnEAE
271,H,,,,"H
4 مراجعات · صورة واحدة",ar,ChZDSUhNMG9nS0VJQ0FnSUROdHJfYkVnEAE
272,namey alharby,5,قبل 3 سنوات,2023-04-07,"السلام عليكم عندي استفسار
انا معاي دبلوم تقنيه هل اقدر اكمل بكلاريوس بجامعة القصيم ؟ انتساب او انتظام
واذا فيه احد يخدمني ويسألي تكفون افيدوني ♥️",ar,ChZDSUhNMG9nS0VJQ0FnSUR1dkkzV2FREAE
273,namey alharby,,,,"namey alharby
13 مراجعة · 8 صور",ar,ChZDSUhNMG9nS0VJQ0FnSUR1dkkzV2FREAE
274,عابر سبيل,4,قبل سنتين,,الجامعة تعتبر كمبنى ومرافق جميله لاكن النت من الداخل سيئ في بعض الاماكن انصح بزيارة المكتبه البهو جميل,ar,ChZDSUhNMG9nS0VJQ0FnSURSOGNLZEZ3EAE
275,عابر سبيل,,,,"عابر سبيل
مرشد محلي · 71 مراجعة · 17 صورة",ar,ChZDSUhNMG9nS0VJQ0FnSURSOGNLZEZ3EAE
276,Yousef Ibrahim,4,تاريخ التعديل: قبل 8 سنوات,2018-04-08,جامعة شاملة لمعظم التخصصات العلمية .. تم تأسيسها عام ١٤٢٥- ٢٠٠٤م.. طلابها حوالي ٧٢ الف هذا العام ولها مقرات في معظم محافظات ومراكز منطقة القصيم .. الجامعة متأخرة بعض الشئ في خدماتها التقنية والانترنت  ..,ar,ChZDSUhNMG9nS0VJQ0FnSUN3MmFPVEtnEAE
277,Yousef Ibrahim,,,,"Yousef Ibrahim
مرشد محلي · 325 مراجعة · 524 صورة",ar,ChZDSUhNMG9nS0VJQ0FnSUN3MmFPVEtnEAE
278,Sallah Ali,,قبل 4 سنوات,2022-04-07,من سنين مايردون على الاتصالات تسيب من موظفين الاستقبال حسبي الله ونعم الوكيل لازم اقطع ٥٠ كيلو حتى احصل جواب على استفسار بسيط كيف تبونا نحقق ٢٠٣٠ وعندنا هالنوعيه من الموظفين اجزم ان كلهم داخلين بالواسطه علشان كذا ماعندهم خوف من العقاب لان حاميها حراميها.,ar,ChdDSUhNMG9nS0VJQ0FnSUNta3FQSXNRRRAB
279,Sallah Ali,,,,"Sallah Ali
مرشد محلي · 45 مراجعة · 26 صورة",ar,ChdDSUhNMG9nS0VJQ0FnSUNta3FQSXNRRRAB
280,ارجو الانضمام للقناة قناتي تعجبك,5,قبل 5 سنوات,2021-04-07,جامعة القصيم هي الجامعه الأفضل علي الطلاق جامعه عريقة ويوجد فيها طلاب من جميع الجنسيات في العالم أجمع وتدرس جميع التخصصات وتتميز بدراس وتعليم الشريعة الإسلامية وهذا فخر لي هذا البلد وهو بريده 🧡 …,ar,ChZDSUhNMG9nS0VJQ0FnSURDNTdhUkp3EAE
281,ارجو الانضمام للقناة قناتي تعجبك,,,,"ارجو الانضمام للقناة قناتي تعجبك
مرشد محلي · 34 مراجعة · 5 صور",ar,ChZDSUhNMG9nS0VJQ0FnSURDNTdhUkp3EAE
282,فهد صالح,3,قبل 4 سنوات,2022-04-07,بعيدة قوة وزحمة بإشارة القرعاء لو يحط ورقة برسيم ولا نفق أو أي طريقة تخفف من الإزدحام,ar,ChdDSUhNMG9nS0VJQ0FnSUNtb0ktVDBRRRAB
283,فهد صالح,,,,"فهد صالح
مرشد محلي · 56 مراجعة",ar,ChdDSUhNMG9nS0VJQ0FnSUNtb0ktVDBRRRAB
284,اسناب شوف,,قبل سنة,,المووووقع سيئ راح القبول مت عدي بسس الموقع التعبببببببااااااااان حسبي يالله ونعم الوكيييل,ar,ChdDSUhNMG9nS0VJQ0FnSURicGY3MmxRRRAB
285,sa sa,5,قبل 5 سنوات,2021-04-07,"اشكر مدير اسكان الطلاب محمد بن رشيد العمرو
علا مايقدمه لخدمه الطلاب
ذوقلب حنون",ar,ChZDSUhNMG9nS0VJQ0FnSURTa2RLcFBBEAE
286,sa sa,,,,"sa sa
مرشد محلي · 55 مراجعة",ar,ChZDSUhNMG9nS0VJQ0FnSURTa2RLcFBBEAE
287,khalid mohammed,5,قبل 4 سنوات,2022-04-07,"بصراحة امن الجامعة وجهم بشوش وابتسامتهم طيبة
جزاهم الله خيرا وبارك الله فيكم وجزاكم كل خير",ar,ChZDSUhNMG9nS0VJQ0FnSURLX09QWWJ3EAE
288,khalid mohammed,,,,"khalid mohammed
مرشد محلي · 326 مراجعة · 24 صورة",ar,ChZDSUhNMG9nS0VJQ0FnSURLX09QWWJ3EAE
289,إبراهيم الخضير,,قبل 3 سنوات,2023-04-07,بالنسبه الي تاريخ 17/2/1444 سيئ التنظيم للدخول الجامعه كل الطرق مقفله لابد من وضع حلول ورأيي انا يكون عدة بوابات للدخول بحيث القادمين من بريده بدخلون مع بوابه والقادمين من عنيزه يدخلون مع بوابه والقادمين من البكيريه يدخلون من بوابه كذا لايوجد ازدحام للدخول ولا عرقله للطريق,ar,ChdDSUhNMG9nS0VJQ0FnSUNldHNUZXRBRRAB
290,إبراهيم الخضير,,,,"إبراهيم الخضير
مرشد محلي · 84 مراجعة · 26 صورة",ar,ChdDSUhNMG9nS0VJQ0FnSUNldHNUZXRBRRAB
291,Lon,4,قبل سنة,,حبيبي يدرس بالجامعه ذي بليز لا تضغطون عليه نجحوه باقي له ترم ويتخرج,ar,ChdDSUhNMG9nS0VJQ0FnSUM3MWJlWmhnRRAB
292,ابن الوطن,2,قبل 7 سنوات,2019-04-08,خاصه الموقع الجديد كليه العلوم للبنات التخطيط سئ خاصه مسارات السيارات تخطيط أعمى من كليه العلوم للحاسب لازم تخرج من باب لباب ثاني متجاورات وعلى طريق خطر علما بأن به مساح ولاكن متروكه للعمال الاسيويه كرت الكركت والراس جهله,ar,ChdDSUhNMG9nS0VJQ0FnSUNvcXNDejFBRRAB
293,ابن الوطن,,,,"ابن الوطن
6 مراجعات · صورة واحدة",ar,ChdDSUhNMG9nS0VJQ0FnSUNvcXNDejFBRRAB
294,IMDAD - SALAHI,5,تاريخ التعديل: قبل 3 سنوات,2023-04-07,"الجامعة بجمالها وهيبتها فخر لي أن أكون طالب علم فيها ... الله يحفظها
جعلها الله منبع علم ونور
لا حول ولا قوة الا بالله العلي العظيم",ar,ChdDSUhNMG9nS0VJQ0FnSUMwOXJXTGh3RRAB
295,IMDAD - SALAHI,,,,"IMDAD - SALAHI
مرشد محلي · 110 مراجعات · 1,226 صورة",ar,ChdDSUhNMG9nS0VJQ0FnSUMwOXJXTGh3RRAB
296,بندر,,قبل 5 سنوات,2021-04-07,خريج ٢٠١٦ إدارة أعمال معدل ٣،٥ الله لا يعيده من أيام سوء تعامل الدكاتره التحدي منهم نظرتهم لطالب إختبارات تعجيزية لعبوا فينا المصارية لعب المهم عدت بسلام والآن موظف في كوفي 😂 لو رجع الزمن في وقال ادرس في الجامعة ذي مستحيل ادرس ولا ابي جامعة …,ar,ChdDSUhNMG9nS0VJQ0FnSUNjaDZtRnNBRRAB
297,بندر,,,,"بندر
مرشد محلي · 23 مراجعة · 7 صور",ar,ChdDSUhNMG9nS0VJQ0FnSUNjaDZtRnNBRRAB
298,سُرى,5,قبل 6 سنوات,2020-04-07,جامعة مميزة أسأل لها ﷲ التوفيق والتمكين وأن يُسخر لها من يعمل بإخلاص وأمانة وإتقان وأن لا يولي عليها من يُغلب مصالحة عن السعي لرفعة وعلو هذا الصرح,ar,ChdDSUhNMG9nS0VJQ0FnSURNaHBmel9BRRAB
299,سُرى,,,,"سُرى
مرشد محلي · 194 مراجعة · 812 صورة",ar,ChdDSUhNMG9nS0VJQ0FnSURNaHBmel9BRRAB
300,يوسف السلامه (ابو باسل),5,تاريخ التعديل: قبل 9 سنوات,2017-04-08,تعد جامعة القصيم من الجامعات الحكومية الشاملة في المملكة العربية السعودية إذ تشتمل على 71 تخصصاً علمياً في المجالات المختلفة، الشرعية والعربية والإنسانية إضافة إلى التخصصات العلمية والهندسية والصحية. وتقدم الجامعة جميع الدرجات العلمية بعد المرحلة الثانوية.,ar,ChZDSUhNMG9nS0VJQ0FnSUN3ajZLblBREAE
301,يوسف السلامه (ابو باسل),,,,"يوسف السلامه (ابو باسل)
مرشد محلي · 124 مراجعة · 755 صورة",ar,ChZDSUhNMG9nS0VJQ0FnSUN3ajZLblBREAE
302,لزام ابوريان,,قبل 3 سنوات,2023-04-07,"موقع تسجيل الطلاب والطالبات فاشل وسيئ .
لاي جد متابعه أثناء فترات التسجيل ولايعلم عميد الجامعه عن معانات الطلاب والطالبات عند فتح التسجيل",ar,ChZDSUhNMG9nS0VJQ0FnSUNoN0s2aUdBEAE
303,لزام ابوريان,,,,"لزام ابوريان
مرشد محلي · 72 مراجعة · 59 صورة",ar,ChZDSUhNMG9nS0VJQ0FnSUNoN0s2aUdBEAE
304,عوده العنزي,5,قبل سنة,,ماشآءالله تبارك الرحمن جامعة فيها مجتمع كامل,ar,ChdDSUhNMG9nS0VJQ0FnSURIdFptNDFRRRAB
305,عوده العنزي,,,,"عوده العنزي
مرشد محلي · 526 مراجعة · 14 صورة",ar,ChdDSUhNMG9nS0VJQ0FnSURIdFptNDFRRRAB
306,مطابع روعة القمة,5,قبل 4 سنوات,2022-04-07,"قمة الروعة انا شخصيا اتعاملة مع د. محمد صالح قمة الاحترام
نسأل الله التوفيق والنجاح",ar,ChdDSUhNMG9nS0VJQ0FnSUQ2N3Z6Q2p3RRAB
307,مطابع روعة القمة,,,,"مطابع روعة القمة
3 مراجعات",ar,ChdDSUhNMG9nS0VJQ0FnSUQ2N3Z6Q2p3RRAB
308,Haifa Altwoigry,3,قبل 3 سنوات,2023-04-07,اجي عه علشان مدرسة القيادة ...بس الطريق له بعيد ومكان الجامعه صراحه غلط المفروض اقرب للخدمات والمدينه,ar,ChZDSUhNMG9nS0VJQ0FnSUN1OHIzeE1REAE
309,Haifa Altwoigry,,,,"Haifa Altwoigry
مرشد محلي · 698 مراجعة · 146 صورة",ar,ChZDSUhNMG9nS0VJQ0FnSUN1OHIzeE1REAE
310,GALXSY A.GALXSY,5,قبل 6 سنوات,2020-04-07,بصفتي طالب فأنا افتخر بالانتساب الى هذا الصرح التعليمي المتميز من عدت جوانب اهمها الدكاترة,ar,ChZDSUhNMG9nS0VJQ0FnSUNVM1pIdk1REAE
311,GALXSY A.GALXSY,,,,"GALXSY A.GALXSY
8 مراجعات · صورة واحدة",ar,ChZDSUhNMG9nS0VJQ0FnSUNVM1pIdk1REAE
312,Abdula Altamimi,,قبل سنتين,,استقبال فتح ملف للطلاب من الساعه ٧.٣٠ إلى الساعه ١٠ ولس باقي 👎 …,ar,ChZDSUhNMG9nS0VJQ0FnSUNaaFkzbGRnEAE
313,Abdula Altamimi,,,,"Abdula Altamimi
مرشد محلي · 31 مراجعة · صورة واحدة",ar,ChZDSUhNMG9nS0VJQ0FnSUNaaFkzbGRnEAE
314,Yahia Tahir,5,قبل 9 سنوات,2017-04-08,تعد ثالث  أكبر جامعة بالمملكة من جهة المساحة ، عدد الطلاب ، الكليات المختلفة حيث توجد بها العديد من التخصصات العلمية والأدبية ، وتنتشر كلياتها العديدة على عدد من المدن بمنطقة القصيم,ar,ChZDSUhNMG9nS0VJQ0FnSUNRN3J5ekRnEAE
315,Yahia Tahir,,,,"Yahia Tahir
مرشد محلي · 13 مراجعة · 3 صور",ar,ChZDSUhNMG9nS0VJQ0FnSUNRN3J5ekRnEAE
316,عبدالرحمن الحربي,5,قبل سنتين,,صرح شامخ وعظيم  الله يبارك للعاملين فيه بجهودهم العظيمة,ar,ChdDSUhNMG9nS0VJQ0FnSUM1djZlaWdnRRAB
317,عبدالرحمن الحربي,,,,"عبدالرحمن الحربي
مرشد محلي · 38 مراجعة · 10 صور",ar,ChdDSUhNMG9nS0VJQ0FnSUM1djZlaWdnRRAB
318,استاذ يوسف,3,قبل 3 سنوات,2023-04-07,مبنى جميل بس يوجد بعض الدكاتره عليهم النظر!,ar,ChZDSUhNMG9nS0VJQ0FnSUNSc0wyamRREAE
319,استاذ يوسف,,,,"استاذ يوسف
مرشد محلي · 56 مراجعة · 6 صور",ar,ChZDSUhNMG9nS0VJQ0FnSUNSc0wyamRREAE
320,qdr e,5,قبل سنتين,,معطيها 5 لان زوجتي حبيبتي تدرس فيها احسنو التعاااملل,ar,ChdDSUhNMG9nS0VJQ0FnSUROanZDbnVBRRAB
321,لقطة مكان,5,قبل سنة,,صرح تعليمي ضخم ماشاء الله.👌 …,ar,ChZDSUhNMG9nS0VJQ0FnSUNmc3F1amJ3EAE
322,لقطة مكان,,,,"لقطة مكان
مرشد محلي · 918 مراجعة · 8,078 صورة",ar,ChZDSUhNMG9nS0VJQ0FnSUNmc3F1amJ3EAE
323,روان المشيقح,5,تاريخ التعديل: قبل 4 سنوات,2022-04-07,جامعه مليانة حياة وطاقة ايجابيه ونشاطات,ar,ChdDSUhNMG9nS0VJQ0FnSURHNEp5bTZBRRAB
324,روان المشيقح,,,,"روان المشيقح
مرشد محلي · 175 مراجعة · 76 صورة",ar,ChdDSUhNMG9nS0VJQ0FnSURHNEp5bTZBRRAB
325,Radwan khaled,5,تاريخ التعديل: قبل 7 أشهر,,صرح تعليمي متكامل جامعات في جامعة واحدة,ar,ChdDSUhNMG9nS0VJQ0FnSURmcmZEZXlRRRAB
326,Radwan khaled,,,,"Radwan khaled
مرشد محلي · 20 مراجعة · 5 صور",ar,ChdDSUhNMG9nS0VJQ0FnSURmcmZEZXlRRRAB
327,Abdullah Alqarawi,5,قبل سنة,,المستشفى الجامعي ممتاز جدا,ar,ChdDSUhNMG9nS0VJQ0FnTURBcmN5QjBBRRAB
328,Abdullah Alqarawi,,,,"Abdullah Alqarawi
مرشد محلي · 68 مراجعة · 4 صور",ar,ChdDSUhNMG9nS0VJQ0FnTURBcmN5QjBBRRAB
329,zizo / زيزو,,قبل سنتين,,جامعة خايسه تدخل مافيك الا العافيه مايوصل الميد الى وانت تبغى تنتحر,ar,ChZDSUhNMG9nS0VJQ0FnSUR0LVlhZlB3EAE
330,zizo / زيزو,,,,"zizo / زيزو
4 مراجعات",ar,ChZDSUhNMG9nS0VJQ0FnSUR0LVlhZlB3EAE
331,TAHANY NAWAF,,قبل سنة,,نجمه وحده وكثير !! خير تخرجت ولا لقيت وظيفه شسالفه !,ar,ChdDSUhNMG9nS0VJQ0FnSURId19UeTNRRRAB
332,TAHANY NAWAF,,,,"TAHANY NAWAF
9 مراجعات",ar,ChdDSUhNMG9nS0VJQ0FnSURId19UeTNRRRAB
333,Saleh Ali,4,قبل 8 سنوات,2018-04-08,صرح تعليمي ممتاز,ar,ChdDSUhNMG9nS0VJQ0FnSUNBbEpIa19nRRAB
334,Saleh Ali,,,,"Saleh Ali
مرشد محلي · 491 مراجعة · 1,982 صورة",ar,ChdDSUhNMG9nS0VJQ0FnSUNBbEpIa19nRRAB
335,ثامر اا,3,قبل سنة,,وش وضع طيور الحب تراكم زقيتم ب الجو,ar,ChdDSUhNMG9nS0VJQ0FnSUN2X01ubDFnRRAB
336,B R,5,قبل سنة,,جامعة ضخمه متطوره مدينة جامعيه بالكامل,ar,ChdDSUhNMG9nS0VJQ0FnSUQ3OThubXFnRRAB
337,B R,,,,"B R
مرشد محلي · 27 مراجعة",ar,ChdDSUhNMG9nS0VJQ0FnSUQ3OThubXFnRRAB
338,MMSSL MMSSLL,5,تاريخ التعديل: قبل 3 سنوات,2023-04-07,ادارة النقل والحركة بجامعة القصيم محترمين وخاصة مدير الإدارة والسكارتارية في مكتب المدير ونعم الرجال قبالهم زين ومنطوقهم زين محترمين جدا ونعم فيهم👍👍 …,ar,ChZDSUhNMG9nS0VJQ0FnSUNhdXJEUEp3EAE
339,MMSSL MMSSLL,,,,"MMSSL MMSSLL
مرشد محلي · 158 مراجعة · 4 صور",ar,ChZDSUhNMG9nS0VJQ0FnSUNhdXJEUEp3EAE
340,khaled heba,5,قبل 5 سنوات,2021-04-07,"لي بها ذكريات كثيرة طيبة
ربنا يوفق كل ابنائنا الطلاب ان شاء الله ويعينهم",ar,ChZDSUhNMG9nS0VJQ0FnSURDLU1DV1pREAE
341,khaled heba,,,,"khaled heba
مرشد محلي · 598 مراجعة · 1,198 صورة",ar,ChZDSUhNMG9nS0VJQ0FnSURDLU1DV1pREAE
342,ahmed hafed,4,قبل 3 سنوات,2023-04-07,"مكان جميل ومرتب جدا
زرت الدكتور إبراهيم الحريقي
دكتور ممتاز جدا وأخلاق عالية",ar,ChdDSUhNMG9nS0VJQ0FnSUMyMm82NzFBRRAB
343,ahmed hafed,,,,"ahmed hafed
مرشد محلي · 201 من المراجعات · 5 صور",ar,ChdDSUhNMG9nS0VJQ0FnSUMyMm82NzFBRRAB
344,طلال المانع,5,قبل 4 أشهر,,افضل جامعه,ar,Ci9DQUlRQUNvZENodHljRjlvT2xSUlkybEtVbUpXVG1OUlFqaFJYM0ZtWVZWS1oyYxAB
345,طلال المانع,,,,"طلال المانع
3 مراجعات",ar,Ci9DQUlRQUNvZENodHljRjlvT2xSUlkybEtVbUpXVG1OUlFqaFJYM0ZtWVZWS1oyYxAB
346,التاج عثمان,5,قبل 3 سنوات,2023-04-07,نتمني الانتهاء من تحويله الطريق وقفل الإشارة لسرعة انسياب المرور,ar,ChdDSUhNMG9nS0VJQ0FnSURCellDcGlRRRAB
347,التاج عثمان,,,,"التاج عثمان
مرشد محلي · 46 مراجعة · 7 صور",ar,ChdDSUhNMG9nS0VJQ0FnSURCellDcGlRRRAB
348,Tariq Al-Eid,3,قبل 3 سنوات,2023-04-07,المصليات الخارجية في مواقف السيارات تحتاج مزيد عناية و توسيع ونظافة وزيادة دورات المياه و الحرص على نظافتها,ar,ChZDSUhNMG9nS0VJQ0FnSURlX29YMVhREAE
349,Tariq Al-Eid,,,,"Tariq Al-Eid
مرشد محلي · 115 مراجعة · 69 صورة",ar,ChZDSUhNMG9nS0VJQ0FnSURlX29YMVhREAE
350,Esam Alshameri,5,قبل 3 سنوات,2023-04-07,"صرح تعليمي شامخ   اهني الشعب السعودي  بهذا الانجاز
واشكر كل القائمين على ادارة الجامعة فردا فردا",ar,ChdDSUhNMG9nS0VJQ0FnSUNSelBUcjZBRRAB
351,Esam Alshameri,,,,"Esam Alshameri
مرشد محلي · 23 مراجعة · 71 صورة",ar,ChdDSUhNMG9nS0VJQ0FnSUNSelBUcjZBRRAB
352,Zyad Alhur,,قبل سنة,,اسواء سنين حياتي عشتها بهالجامعه,ar,ChdDSUhNMG9nS0VJQ0FnSUQ3eFlYRzdBRRAB
353,احمد الشمري,,قبل 11 سنة,2015-04-09,طبعا الضحيه فيها الطالب المسكين اللي مايعرف حقوقه بالجامعه .. وكل دكتور يطلع نظام من راسه ولا احد فوقه .. وثانيا .. الموقع  لاتعليق !!,ar,ChZDSUhNMG9nS0VJQ0FnSUNRXy1HMUtREAE
354,احمد الشمري,,,,"احمد الشمري
مرشد محلي · 53 مراجعة · 8 صور",ar,ChZDSUhNMG9nS0VJQ0FnSUNRXy1HMUtREAE
355,رشيد الشلاش,5,قبل شهرين,,متميزة,ar,Ci9DQUlRQUNvZENodHljRjlvT25WYWVHMUxZMFp1TlVOSFIwdzNTVGhQZWtGMGVsRRAB
356,رشيد الشلاش,,,,"رشيد الشلاش
مرشد محلي · 15 مراجعة · صورة واحدة",ar,Ci9DQUlRQUNvZENodHljRjlvT25WYWVHMUxZMFp1TlVOSFIwdzNTVGhQZWtGMGVsRRAB
357,Faris Sami,4,قبل 4 سنوات,2022-04-07,كل شي فيه ممتاز لكن ليتهم يفتحون جميع المداخل من كل الاتجاهات لتسهيل حركة الدخول و الخروج من الجامعة,ar,ChdDSUhNMG9nS0VJQ0FnSURtay1HdXRnRRAB
358,Faris Sami,,,,"Faris Sami
مرشد محلي · 102 من المراجعات · 593 صورة",ar,ChdDSUhNMG9nS0VJQ0FnSURtay1HdXRnRRAB
359,Mohammed Alsayed,3,قبل 5 سنوات,2021-04-07,من الناحيه الإنشائية  تحتاج الى مشروعات خدميه لكى تكون مدينه متكامله  و هذا يحتاج الى تكلفه كبيرة  وزمن لإنجاز تلك المشروعات,ar,ChZDSUhNMG9nS0VJQ0FnSUN5a2NyRlRREAE
360,Mohammed Alsayed,,,,"Mohammed Alsayed
14 مراجعة · صورة واحدة",ar,ChZDSUhNMG9nS0VJQ0FnSUN5a2NyRlRREAE
361,S,,قبل سنتين,,"مسمينها جامعة الزق هههههههههه
شوفوا لكم حل حسنوا وضعكم",ar,ChZDSUhNMG9nS0VJQ0FnSUN0dU4yNUZnEAE
362,وجود عبدالله,,قبل سنتين,,ماتعطون الدو موادها؟ مرفوضه والقمو نجمه وحده👎🏼 …,ar,ChZDSUhNMG9nS0VJQ0FnSUQxNmY3dVRnEAE
363,وجود عبدالله,,,,"وجود عبدالله
مراجعة واحدة",ar,ChZDSUhNMG9nS0VJQ0FnSUQxNmY3dVRnEAE
364,Deema,,قبل سنتين,,نجمة وحده لانكم غثيتوا صديقتي بالاختبارات حسبي الله وكفى,ar,ChdDSUhNMG9nS0VJQ0FnSURWdzVlaGxnRRAB
365,Wjdan Alwabel,,قبل 7 سنوات,2019-04-08,جامعه تفتقر لايستيعاب مدارك الجميع فقط 🙇 الحمد لله طلعت منها وصرت ادرس بمكان افضل 😇 …,ar,ChZDSUhNMG9nS0VJQ0FnSUNvbDdLZGRBEAE
366,Wjdan Alwabel,,,,"Wjdan Alwabel
مرشد محلي · 21 مراجعة · صورة واحدة",ar,ChZDSUhNMG9nS0VJQ0FnSUNvbDdLZGRBEAE
367,3 L,2,قبل 11 شهرًا,2025-05-11,ماعندهم تيل ٠ من عشره,ar,ChdDSUhNMG9nS0VJQ0FnTURJbElqUV9BRRAB
368,Ali Mshari,5,قبل 4 سنوات,2022-04-07,جدا رائعة و متوفر فيها كثير من الاقسام و تخدم المنطقة حتى الي خارج القصيم   بإمكانه الاتحاق بها,ar,ChdDSUhNMG9nS0VJQ0FnSURHMHJ6ZzlRRRAB
369,Ali Mshari,,,,"Ali Mshari
مرشد محلي · 74 مراجعة · صورتان (2)",ar,ChdDSUhNMG9nS0VJQ0FnSURHMHJ6ZzlRRRAB
370,أبو محمد الحسني,5,قبل 3 سنوات,2023-04-07,شكرا على حسن المرور,ar,ChZDSUhNMG9nS0VJQ0FnSUMtd3V6V1pREAE
371,أبو محمد الحسني,,,,"أبو محمد الحسني
4 مراجعات",ar,ChZDSUhNMG9nS0VJQ0FnSUMtd3V6V1pREAE
372,Ayah yoyo,3,قبل سنة,,هل يوجد فيها سكن للطالبات وكم تقدر تكلفته؟,ar,ChdDSUhNMG9nS0VJQ0FnSUNMNGZ6WWhRRRAB
373,Ayah yoyo,,,,"Ayah yoyo
مرشد محلي · 22 مراجعة · 26 صورة",ar,ChdDSUhNMG9nS0VJQ0FnSUNMNGZ6WWhRRRAB
374,M7md D,3,قبل 7 سنوات,2019-04-08,"موفقين ان شالله
الواسطه  لها  دور كبير هنا

الابتعاث و التدريب الخارجي يجب ان تعرف أحد ( و )",ar,ChdDSUhNMG9nS0VJQ0FnSURnaFpMQmlBRRAB
375,"F,S",,قبل 3 سنوات,2023-04-07,بعيداً عن كل شي صار لي سنه اتصل على رقمهم ولا فيه اي استجابه ليه حاطين الرقم شيلوه من رايي,ar,ChZDSUhNMG9nS0VJQ0FnSUN1MmJtZ0pnEAE
376,"F,S",,,,"F,S
8 مراجعات · 4 صور",ar,ChZDSUhNMG9nS0VJQ0FnSUN1MmJtZ0pnEAE
377,Musaed Alateeqi مساعد العتيقي,5,قبل 4 سنوات,2022-04-07,جامعتي التي تخرجت منها سنة 1410 عندما كان اسمها جامعة الإمام محمد بن سعود الإسلامية,ar,ChdDSUhNMG9nS0VJQ0FnSUNta2VxVTVBRRAB
378,Musaed Alateeqi مساعد العتيقي,,,,"Musaed Alateeqi مساعد العتيقي
مرشد محلي · 414 مراجعة · 366 صورة",ar,ChdDSUhNMG9nS0VJQ0FnSUNta2VxVTVBRRAB
379,Rania Joseph,,قبل 4 سنوات,2022-04-07,زينو جامعتكم البيض الي حتى مقهى مافيها والدكاتره يرفعون الضغط كاني ادرس بفلوسهم !!!,ar,ChZDSUhNMG9nS0VJQ0FnSUM2aThQVFhnEAE
380,Rania Joseph,,,,"Rania Joseph
4 مراجعات",ar,ChZDSUhNMG9nS0VJQ0FnSUM2aThQVFhnEAE
381,سنجار الضاري,5,قبل 4 سنوات,2022-04-07,من أرقى الجامعات واعجبني فيها تنظيم حركة ووقوف السيارات,ar,ChZDSUhNMG9nS0VJQ0FnSUNXaExmUkxnEAE
382,سنجار الضاري,,,,"سنجار الضاري
10 مراجعات · صورة واحدة",ar,ChZDSUhNMG9nS0VJQ0FnSUNXaExmUkxnEAE
383,حقائق ابومساعد,4,قبل سنة,,جديدة نظيفة وايضا بعيدة عن المدينة,ar,ChZDSUhNMG9nS0VJQ0FnSURQenN2bkJ3EAE
384,حقائق ابومساعد,,,,"حقائق ابومساعد
مرشد محلي · 331 مراجعة · 47 صورة",ar,ChZDSUhNMG9nS0VJQ0FnSURQenN2bkJ3EAE
385,محمد المشيقح,,قبل 10 سنوات,2016-04-08,جامعة تحتاج خلع إداري تام.. وتحتاج لنظام موحد ونظام مركزي..,ar,ChZDSUhNMG9nS0VJQ0FnSUNnaXF5LWN3EAE
386,محمد المشيقح,,,,"محمد المشيقح
مرشد محلي · 360 مراجعة · 69 صورة",ar,ChZDSUhNMG9nS0VJQ0FnSUNnaXF5LWN3EAE
387,Faisal AlSaloum,5,قبل سنة,,صرح تعليمي بأعلى معايير الجودة,ar,ChdDSUhNMG9nS0VJQ0FnSUNickp1S3R3RRAB
388,Faisal AlSaloum,,,,"Faisal AlSaloum
مرشد محلي · 94 مراجعة · 4 صور",ar,ChdDSUhNMG9nS0VJQ0FnSUNickp1S3R3RRAB
389,ام البنات,4,قبل 5 سنوات,2021-04-07,اتصل مايردون كيف ممكن اعرف مواعيد التسجيل بدبلوم الموارد البشريه لعام ١٤٤٢ الفصل الثاني ارجو الرد,ar,ChdDSUhNMG9nS0VJQ0FnSUNpOC1lYXdnRRAB
390,ام البنات,,,,"ام البنات
مرشد محلي · 25 مراجعة · 6 صور",ar,ChdDSUhNMG9nS0VJQ0FnSUNpOC1lYXdnRRAB
391,محمد أحمد,5,قبل 6 سنوات,2020-04-07,جامعة عصرية متطورة مواكبة تهتم بالنواحي الاكاديمية والثقافية والاجتماعية,ar,ChdDSUhNMG9nS0VJQ0FnSUNjNlpLVTZ3RRAB
392,محمد أحمد,,,,"محمد أحمد
مرشد محلي · 31 مراجعة",ar,ChdDSUhNMG9nS0VJQ0FnSUNjNlpLVTZ3RRAB
393,نوره,5,قبل 3 سنوات,2023-04-07,اكثر من رائع 👍🏻👍🏻👍🏻 خصوصا قسم طب الاسنان …,ar,ChdDSUhNMG9nS0VJQ0FnSUQyMGItSnRnRRAB
394,نوره,,,,"نوره
مرشد محلي · 109 مراجعات · 196 صورة",ar,ChdDSUhNMG9nS0VJQ0FnSUQyMGItSnRnRRAB
395,عبد الرحمن,5,قبل 6 سنوات,2020-04-07,"جامعتي اللي افضل ايام حياتي الدراسية فيها 🌸
صرح تعليمي ومن نجاح الى نجاح 🍂 …",ar,ChdDSUhNMG9nS0VJQ0FnSUNZc3F1by13RRAB
396,عبد الرحمن,,,,"عبد الرحمن
مرشد محلي · 24 مراجعة · صورة واحدة",ar,ChdDSUhNMG9nS0VJQ0FnSUNZc3F1by13RRAB
397,راشد ًالمزيني,4,قبل 4 سنوات,2022-04-07,ترتيب رائع جدا ولاكن المقاعد الدراسيه محدوده جدا,ar,ChZDSUhNMG9nS0VJQ0FnSUM2eVBuclVnEAE
398,راشد ًالمزيني,,,,"راشد ًالمزيني
مرشد محلي · 371 مراجعة · 5 صور",ar,ChZDSUhNMG9nS0VJQ0FnSUM2eVBuclVnEAE
399,محمد الفايز,,قبل 6 سنوات,2020-04-07,هالله يخارجنا منكم 🤣☹️ …,ar,ChZDSUhNMG9nS0VJQ0FnSURNdE5pQVpREAE
400,محمد الفايز,,,,"محمد الفايز
4 مراجعات · 9 صور",ar,ChZDSUhNMG9nS0VJQ0FnSURNdE5pQVpREAE
401,ميس سليمان,5,قبل 5 سنوات,2021-04-07,جميله لكنها بعيده جداااا عن المدينه والسكن كانها  مكان مهجور وكل الطريق شاحنات اشوف المكان خطر والطريق خطر وبعيد,ar,ChdDSUhNMG9nS0VJQ0FnSUNpdWRuOXR3RRAB
402,M. M,5,قبل 5 سنوات,2021-04-07,جامعة القصيم جامعة مميزه وانا قبلت في كلية العلوم تخصص رياضيات ولله الحمد,ar,ChdDSUhNMG9nS0VJQ0FnSUNDeTVpMXVBRRAB
403,Farah 111,2,قبل 3 سنوات,2023-04-07,لو سمحتوا وقفوا تضغطون بنات كليه تصميم الازياء,ar,ChdDSUhNMG9nS0VJQ0FnSUMtM0p6a2t3RRAB
404,Farah 111,,,,"Farah 111
4 مراجعات · صورتان (2)",ar,ChdDSUhNMG9nS0VJQ0FnSUMtM0p6a2t3RRAB
405,هيلة الحميد,5,قبل 4 سنوات,2022-04-07,تجربة جميله جدا من دخلت الي ما استلمت الرخصة موظفات وموظفين رائعين,ar,ChdDSUhNMG9nS0VJQ0FnSURtcUlLT3FBRRAB
406,هيلة الحميد,,,,"هيلة الحميد
مرشد محلي · 133 مراجعة · 9 صور",ar,ChdDSUhNMG9nS0VJQ0FnSURtcUlLT3FBRRAB
407,عيسى بشير العنزي,5,قبل 10 أشهر,,من افضل الجامعات بالمملكة,ar,ChZDSUhNMG9nS0VMaUJnc1MxdGZUaEdnEAE
408,عيسى بشير العنزي,,,,"عيسى بشير العنزي
مرشد محلي · 103 مراجعات · 77 صورة",ar,ChZDSUhNMG9nS0VMaUJnc1MxdGZUaEdnEAE
409,احمد المطيري,5,قبل سنة,,انها حلوه,ar,ChdDSUhNMG9nS0VJQ0FnSURieXFXOHFnRRAB
410,احمد المطيري,,,,"احمد المطيري
5 مراجعات",ar,ChdDSUhNMG9nS0VJQ0FnSURieXFXOHFnRRAB
411,فلوه المزيني,,قبل سنة,,ياليت يكون فيه تخصص علم فلك,ar,ChdDSUhNMG9nS0VJQ0FnSUNiaU02MDRnRRAB
412,فلوه المزيني,,,,"فلوه المزيني
4 مراجعات",ar,ChdDSUhNMG9nS0VJQ0FnSUNiaU02MDRnRRAB
413,Abu Hassa Abu Hassa,,قبل 5 سنوات,2021-04-07,ليوجد محطات وقود قريبه ولا يوجد مواقف مرتبه ب مضلات لسيارات,ar,ChdDSUhNMG9nS0VJQ0FnSUR5OTlMRXZBRRAB
414,Abu Hassa Abu Hassa,,,,"Abu Hassa Abu Hassa
مراجعة واحدة",ar,ChdDSUhNMG9nS0VJQ0FnSUR5OTlMRXZBRRAB
415,‪Elias “B”‬‏,3,قبل 8 سنوات,2018-04-08,تعجبني الجامعة لكن سياسة التعليم العالي غير عادلة ، حلمي اني اتخرج منها,ar,ChZDSUhNMG9nS0VJQ0FnSUN3cXBxZkRBEAE
416,‪Elias “B”‬‏,,,,"‪Elias “B”‬‏
مرشد محلي · 548 مراجعة · 346 صورة",ar,ChZDSUhNMG9nS0VJQ0FnSUN3cXBxZkRBEAE
417,الزراعه al. adwani,5,قبل 5 سنوات,2021-04-07,ممتازه كتصميم وان شاءالله ان الكادر التعليمي يواكب هذا التطور,ar,ChZDSUhNMG9nS0VJQ0FnSUNDcGZYSVRREAE
418,الزراعه al. adwani,,,,"الزراعه al. adwani
9 مراجعات",ar,ChZDSUhNMG9nS0VJQ0FnSUNDcGZYSVRREAE
419,hamad al dosary,2,قبل 8 سنوات,2018-04-08,"جامعة الجحيم 🔥
سوف تدخلها شابا طموح
وقد لا تخرج منها الا وانت ممزق تمزيقا شديدا …",ar,ChdDSUhNMG9nS0VJQ0FnSURRbi1QZHFnRRAB
420,hamad al dosary,,,,"hamad al dosary
مرشد محلي · 28 مراجعة · 8 صور",ar,ChdDSUhNMG9nS0VJQ0FnSURRbi1QZHFnRRAB
421,Raneem Ahmed,2,قبل 9 سنوات,2017-04-08,مبنى البنات فاشل ،، والإدارة غير ثابته على رأي وكل سنه يطلعون قرار جديد ولا قلت ليه قالوا مصلحة الطالب 😒 …,ar,ChdDSUhNMG9nS0VJQ0FnSUN3eHNLYW5nRRAB
422,Raneem Ahmed,,,,"Raneem Ahmed
مرشد محلي · 86 مراجعة · 71 صورة",ar,ChdDSUhNMG9nS0VJQ0FnSUN3eHNLYW5nRRAB
423,Mohmmed,5,قبل سنة,,"في كتابي
جامعة القصيم اقوى من جامعة البترول وسعود والامام",ar,ChZDSUhNMG9nS0VJQ0FnSUNYLUxTbUpnEAE
424,Mohmmed,,,,"Mohmmed
مرشد محلي · 36 مراجعة · 28 صورة",ar,ChZDSUhNMG9nS0VJQ0FnSUNYLUxTbUpnEAE
425,عبدالعزيز 79,,قبل سنتين,,الطريق حق الجامعة سيئ جداا كله حوادث,ar,ChdDSUhNMG9nS0VJQ0FnSUROLWRQMGdnRRAB
426,عبدالعزيز 79,,,,"عبدالعزيز 79
مرشد محلي · 32 مراجعة · 7 صور",ar,ChdDSUhNMG9nS0VJQ0FnSUROLWRQMGdnRRAB
427,Najla A,,قبل سنتين,,سيئة جدًا ما أنصح فيها إلا للضرورة القصوى,ar,ChdDSUhNMG9nS0VJQ0FnSUMxdm8tYXNnRRAB
428,Abo ziad,,قبل 4 سنوات,2022-04-07,لا يوجد تخصصات زينة في المحافظات جميع التخصصات المرغوبة فقط في بريدة والرس وعنيزة,ar,ChZDSUhNMG9nS0VJQ0FnSUNxMDdmTkN3EAE
429,Abo ziad,,,,"Abo ziad
مرشد محلي · 226 مراجعة · 34 صورة",ar,ChZDSUhNMG9nS0VJQ0FnSUNxMDdmTkN3EAE
430,بندر الحربى 33,4,قبل سنتين,,المدينة الجامعة ممتازة ولكن تحتاج  الى الخدمات من الاسواق والخدمات العامة,ar,ChZDSUhNMG9nS0VJQ0FnSURwak1PNUd3EAE
431,بندر الحربى 33,,,,"بندر الحربى 33
مرشد محلي · 193 مراجعة · 43 صورة",ar,ChZDSUhNMG9nS0VJQ0FnSURwak1PNUd3EAE
432,محمد العنزي,5,قبل 7 سنوات,2019-04-08,مكان تعليمي رائع و متوفره جميع الخدمات,ar,ChZDSUhNMG9nS0VJQ0FnSUNvZzV2TEtBEAE
433,محمد العنزي,,,,"محمد العنزي
مرشد محلي · 62 مراجعة · 14 صورة",ar,ChZDSUhNMG9nS0VJQ0FnSUNvZzV2TEtBEAE
434,ابو ماهر الحربي,3,تاريخ التعديل: قبل 3 سنوات,2023-04-07,ينقصها الاهتمام البيئي للطلبه و السكني مقارنة بالجامعة الاسلاميه,ar,ChdDSUhNMG9nS0VJQ0FnSUNHX1liRHNRRRAB
435,ابو ماهر الحربي,,,,"ابو ماهر الحربي
مرشد محلي · 208 مراجعات · 161 صورة",ar,ChdDSUhNMG9nS0VJQ0FnSUNHX1liRHNRRRAB
436,sr al-harbi,4,قبل 4 سنوات,2022-04-07,"من افضل  الجامعات السعودية من ناحية التخصصات والجوده العلميه والتعليمية
اما المدينه الجامعية تنظيم وتشجير وتصميم",ar,ChdDSUhNMG9nS0VJQ0FnSUQ2dTZhYnZnRRAB
437,sr al-harbi,,,,"sr al-harbi
مرشد محلي · 150 مراجعة",ar,ChdDSUhNMG9nS0VJQ0FnSUQ2dTZhYnZnRRAB
438,Saleh,,قبل 3 سنوات,2023-04-07,ترا عندكم احلا وحده بالعالم اللي تقرب منها ي ويلهاا,ar,ChZDSUhNMG9nS0VJQ0FnSURlNXZpZ0Z3EAE
439,doom ا1233,,قبل 3 سنوات,2023-04-07,اول مره اشوف جامعة  مايردون على  اي رقم للتواصل,ar,ChZDSUhNMG9nS0VJQ0FnSURoeU1XYUlnEAE
440,doom ا1233,,,,"doom ا1233
مرشد محلي · 79 مراجعة",ar,ChZDSUhNMG9nS0VJQ0FnSURoeU1XYUlnEAE
441,abu Bassam عبدالله,5,تاريخ التعديل: قبل 8 أشهر,,من أفضل الجامعات بالمملكه الشرق الاوسط,ar,ChZDSUhNMG9nS0VJQ0FnSUNHb3VDdElBEAE
442,abu Bassam عبدالله,,,,"abu Bassam عبدالله
مرشد محلي · 323 مراجعة · 85 صورة",ar,ChZDSUhNMG9nS0VJQ0FnSUNHb3VDdElBEAE
443,Solom Ksa,3,تاريخ التعديل: قبل 4 سنوات,2022-04-07,كانت ايام حلوه _ ايام جامعة الملك سعود 😊 1421 …,ar,ChdDSUhNMG9nS0VJQ0FnSUN3MnBMd3NBRRAB
444,Solom Ksa,,,,"Solom Ksa
مرشد محلي · 18 مراجعة · 3 صور",ar,ChdDSUhNMG9nS0VJQ0FnSUN3MnBMd3NBRRAB
445,Ali Alkhulaiwi,5,قبل 5 سنوات,2021-04-07,مع الأسف التواصل مع الجامعة عبر وسائل التواصل الحديثة صعب، فهم لا يردون على الايميلات و لا على الاتصال الهاتفي ولا على الواتس اب فما فائدة هذه الأشياء عندهم أن لم تنفع من يحتاجهم في خدمة مما اضطرني للذهاب إليهم شخصيا!!!!!!!!!!,ar,ChdDSUhNMG9nS0VJQ0FnSURpc3RTbzBnRRAB
446,Ali Alkhulaiwi,,,,"Ali Alkhulaiwi
6 مراجعات",ar,ChdDSUhNMG9nS0VJQ0FnSURpc3RTbzBnRRAB
447,عمر أحمد,,قبل 6 سنوات,2020-04-07,"الجامعة تعمل جاهدة ضد مصلحة الطالب..
غياب خفضوا النسبة..
تم توحيد الأسئلة..
وغيره الكثير.",ar,ChZDSUhNMG9nS0VJQ0FnSUMwbWRiYWFREAE
448,خالد العضيبي,3,قبل سنة,,الدخول بالطرق زحام شديد,ar,ChdDSUhNMG9nS0VJQ0FnSUR2dmN6MXhRRRAB
449,خالد العضيبي,,,,"خالد العضيبي
مرشد محلي · 285 مراجعة · 2,509 صور",ar,ChdDSUhNMG9nS0VJQ0FnSUR2dmN6MXhRRRAB
450,ن,5,قبل سنة,,جامعه من افضل الجامعات في المملكه,ar,ChdDSUhNMG9nS0VJQ0FnSURYNUpYVHdnRRAB
451,ن,,,,"ن
مرشد محلي · 79 مراجعة · صورتان (2)",ar,ChdDSUhNMG9nS0VJQ0FnSURYNUpYVHdnRRAB
452,Slom,,قبل 4 سنوات,2022-04-07,نصيحة لوجه الله لاحد يسجل بالجامعة هذي ظالمه ثم ظالمه ثم ظالمه,ar,ChdDSUhNMG9nS0VJQ0FnSUNLaFppTDJ3RRAB
453,saad talha,5,قبل 9 سنوات,2017-04-08,"جامعه تستحق لقب الجامعه المثالية
جمال رائع وموقع قريب جدا من المطار",ar,ChdDSUhNMG9nS0VJQ0FnSUNBa1BTNHJRRRAB
454,saad talha,,,,"saad talha
مرشد محلي · 298 مراجعة · 111 صورة",ar,ChdDSUhNMG9nS0VJQ0FnSUNBa1BTNHJRRRAB
455,Idk,5,تاريخ التعديل: قبل 8 سنوات,2018-04-08,رائع ... صرح عظيم ... ناس في قمة الثقافه والتحضر,ar,ChdDSUhNMG9nS0VJQ0FnSUN3OVBYdGtRRRAB
456,Idk,,,,"Idk
مرشد محلي · 59 مراجعة · 52 صورة",ar,ChdDSUhNMG9nS0VJQ0FnSUN3OVBYdGtRRRAB
457,Ebra Dn,2,تاريخ التعديل: قبل 3 سنوات,2023-04-07,نجمتين فقط عشان المكان نضيف وجميل ، الباقي الله يدبر الصالح,ar,ChdDSUhNMG9nS0VJQ0FnSURrMzhEVnlBRRAB
458,Ebra Dn,,,,"Ebra Dn
مرشد محلي · 21 مراجعة",ar,ChdDSUhNMG9nS0VJQ0FnSURrMzhEVnlBRRAB
459,Zain Mohammad,5,قبل 4 سنوات,2022-04-07,الجامعه من الخارج والداخل جميله والطرق من الداخل جميله ومنسقه وتستحق خمسه نجوم,ar,ChdDSUhNMG9nS0VJQ0FnSUNta3FXanVBRRAB
460,Zain Mohammad,,,,"Zain Mohammad
مرشد محلي · 86 مراجعة · صورة واحدة",ar,ChdDSUhNMG9nS0VJQ0FnSUNta3FXanVBRRAB
461,زينب الفهيد,5,تاريخ التعديل: قبل 10 سنوات,2016-04-08,اقوال جماعه القصيم مافي مثلها رررروعه لوسمحت تعرف واحد اسمه محمد الفهيد عايش في القصيم نجم زد رصيدك ٤,ar,ChdDSUhNMG9nS0VJQ0FnSURRaEpYMTR3RRAB
462,زينب الفهيد,,,,"زينب الفهيد
مراجعتان (2)",ar,ChdDSUhNMG9nS0VJQ0FnSURRaEpYMTR3RRAB
463,ابو سعود,4,قبل 3 سنوات,2023-04-07,"لأيعلى عليه مبناتعليم شامخ ومتكامل وراقي
وشهادتي فيه مجروحه",ar,ChZDSUhNMG9nS0VJQ0FnSUNlNk8zelBREAE
464,ابو سعود,,,,"ابو سعود
مرشد محلي · 31 مراجعة · صورة واحدة",ar,ChZDSUhNMG9nS0VJQ0FnSUNlNk8zelBREAE
465,Badr Tj,5,قبل 4 سنوات,2022-04-07,جامعه القصيم تشهد تطور ملحوظ وتسير نحو اهدافها بناء على خطتها التطويريه,ar,ChZDSUhNMG9nS0VJQ0FnSUNHZ0lxREJREAE
466,Badr Tj,,,,"Badr Tj
مرشد محلي · 86 مراجعة · 7 صور",ar,ChZDSUhNMG9nS0VJQ0FnSUNHZ0lxREJREAE
467,Camara 20,5,تاريخ التعديل: قبل سنتين,,جامعتي العزيزة هي جامعة عريقة  ، مقرها في المليداء ، بريدة ، القصيم ، المملكة العربية السعودية .,ar,ChdDSUhNMG9nS0VJQ0FnSURna3NtMl9nRRAB
468,Camara 20,,,,"Camara 20
مرشد محلي · 208 مراجعات · 54 صورة",ar,ChdDSUhNMG9nS0VJQ0FnSURna3NtMl9nRRAB
469,G M,,قبل 3 سنوات,2023-04-07,كفايه ضغط علينا خلونا نتخرج وبالاخير نقعد بالشهادة لا وظيفة ولاشي .,ar,ChZDSUhNMG9nS0VJQ0FnSUNCaWYyZEhREAE
470,G M,,,,"G M
مرشد محلي · 37 مراجعة · 4 صور",ar,ChZDSUhNMG9nS0VJQ0FnSUNCaWYyZEhREAE
471,محمد,5,قبل 9 سنوات,2017-04-08,جامعة متميزة ومتألقه دائما ان شاء الله,ar,ChZDSUhNMG9nS0VJQ0FnSURReU9HN0NBEAE
472,محمد,,,,"محمد
مرشد محلي · 281 مراجعة · 597 صورة",ar,ChZDSUhNMG9nS0VJQ0FnSURReU9HN0NBEAE
473,ابو صالح,3,قبل سنة,,ليش معظم الدكاترة أجانب؟,ar,ChdDSUhNMG9nS0VJQ0FnSUQ3OGRpRF93RRAB
474,ابو صالح,,,,"ابو صالح
مرشد محلي · 95 مراجعة · 39 صورة",ar,ChdDSUhNMG9nS0VJQ0FnSUQ3OGRpRF93RRAB
475,عبدالله السيد,5,قبل 10 سنوات,2016-04-08,متى يبداء التقديم ف الجامعة للعام الجاي ان شاء الله,ar,ChZDSUhNMG9nS0VJQ0FnSURRelBXWlNBEAE
476,عبدالله السيد,,,,"عبدالله السيد
مراجعة واحدة",ar,ChZDSUhNMG9nS0VJQ0FnSURRelBXWlNBEAE
477,Leena Sa,,قبل 6 سنوات,2020-04-07,من اسوء الجامعات الي ممكن تدرس فيها ادارة البنات جداً سيئة والمباني ايضاً,ar,ChdDSUhNMG9nS0VJQ0FnSURVaHNmaHdRRRAB
478,Leena Sa,,,,"Leena Sa
13 مراجعة · صورتان (2)",ar,ChdDSUhNMG9nS0VJQ0FnSURVaHNmaHdRRRAB
479,صالح المطيري,,قبل 6 سنوات,2020-04-07,جامعة سيئة من ناحية التعامل والموظفين غير خدومين أبدا,ar,ChdDSUhNMG9nS0VJQ0FnSUMwdDVIOGlRRRAB
480,مهند البليهد,4,قبل 6 سنوات,2020-04-07,جميله وتحتاج الي الأهتمام بالمباني اكثر,ar,ChdDSUhNMG9nS0VJQ0FnSUNzeWFLY3hnRRAB
481,سليمان محمد,5,قبل 5 سنوات,2021-04-07,"تتمتع جامعة القصيم:
بنظام تعليمي ممتاز.",ar,ChdDSUhNMG9nS0VJQ0FnSUNpODdxNWhBRRAB
482,faisal alsubaie,2,قبل 13 سنة,2013-04-09,حسبي الله ونعم الوكيل .... الله لا يوفق كل من تسبب في تحطيم وقتل طموح الطلاب وضلمهم,ar,ChZDSUhNMG9nS0VJQ0FnSUNBMklMNk5nEAE
483,وجدان الحربي,,قبل 5 سنوات,2021-04-07,ليش ما احد يرد؟ ابي اتواصل مع عمادة الدراسات العليا,ar,ChZDSUhNMG9nS0VJQ0FnSUM4d2UzZ1ZBEAE
484,Abdullah,3,قبل 12 سنة,2014-04-09,جيدة لانك اعضاء هيئة التدريس في بعض الكليات يحتاجون اعادة هيكلة,ar,ChZDSUhNMG9nS0VJQ0FnSURRNkl2aVpBEAE
485,Kh Khaled,3,قبل 6 سنوات,2020-04-07,يا اخوان نضام زائره كيف طريقته وفين نقدم عليه لفه عربية بنات افيدوني لاهنتم,ar,ChdDSUhNMG9nS0VJQ0FnSUNZNzlDdzV3RRAB
486,محمد خالد علي القح,5,قبل سنتين,,ماشاءالله من افضل المدارس بلسعوديه,ar,ChdDSUhNMG9nS0VJQ0FnSURWcS1XNS1RRRAB
487,MARWAN.ABDULRAHMAN,,قبل 4 سنوات,2022-04-07,قلق + مافيه خدمات (مطاعم،بقاله) + المكتبه تسكر بدري,ar,ChdDSUhNMG9nS0VJQ0FnSUQ2dWFxQ2xBRRAB
488,البندري,5,قبل سنتين,,صرح عالمي وفق الله الجميع,ar,ChZDSUhNMG9nS0VJQ0FnSUNkOTZYMU9nEAE
489,A,,قبل 3 سنوات,2023-04-07,اشين جامعة بالسعودية من كل النواحي ان شاء الله اتخرج وافتك 🤢🤢🤢🤢🤢🤢 …,ar,ChZDSUhNMG9nS0VJQ0FnSUMtZ1plZVVBEAE
490,Mohammed Omer,5,قبل سنة,,مدينة جامعية متكاملة المنشآت والخدمات.,ar,ChdDSUhNMG9nS0VJQ0FnSURqMmMzMnhRRRAB
491,عبد السلام السابح,3,تاريخ التعديل: قبل 3 سنوات,2023-04-07,ممتاز لولا البعد عن المدينه,ar,ChdDSUhNMG9nS0VJQ0FnSUQyZzZDSGpBRRAB
492,On Off,5,قبل 4 سنوات,2022-04-07,رائع بما تحمل الكلمه من معاني,ar,ChdDSUhNMG9nS0VJQ0FnSUNLa2FUYXRRRRAB
493,إبراهيم الرميحي,5,قبل 3 سنوات,2023-04-07,أشكر الجهاز الطبي المخ والأعصاب على العناية والاهتمام,ar,ChdDSUhNMG9nS0VJQ0FnSURoNDRMY3lBRRAB
494,kb maa,4,قبل 4 سنوات,2022-04-07,جامعة تنهض بطلابها الئ المستقبل لتحقيق روية 2030,ar,ChdDSUhNMG9nS0VJQ0FnSUM2dDhEZnNBRRAB
495,bronzaj9,2,قبل 12 سنة,2014-04-09,ارحمونا حطوا لنا تكييف بكلية التربيه اعداد المعلمات حرام فطسنا حر خافوا الله بنا ياناس,ar,ChZDSUhNMG9nS0VJQ0FnSUN3ZzluOFFnEAE
496,محب الخير,4,قبل 7 سنوات,2019-04-08,مناره من منارات العلم بمنطقة القصيم وتجمع لغالب الصفوة وجيل الامه الجديد,ar,ChdDSUhNMG9nS0VJQ0FnSURncF8zUjFBRRAB
497,يوسف الشمري,,قبل سنة,,أسوء جامعة عرفته البشرية,ar,ChZDSUhNMG9nS0VJQ0FnSUN6b19YU01BEAE
498,Mohammed,,قبل 4 سنوات,2022-04-07,زحمتهااا تخليك تفكر تتسحب ع الدراسه,ar,ChdDSUhNMG9nS0VJQ0FnSURXbHZidzlnRRAB
499,M7md D,3,قبل 7 سنوات,2019-04-08,"موفقين ان شالله
الواسطه  لها  دور كبير هنا …",ar,ChdDSUhNMG9nS0VJQ0FnSURnaFpMQmlBRRAB
